OrderID,OrderDate,CustomerID,ProductID,SalesAmount,Quantity,DiscountPercent,Profit,DeliveryStatus,PaymentMethod
ODR00001,2025-02-21,CUST0001,PROD0001,5921.04,4,9,1269.1,Delivered,UPI
ODR00002,2024-07-11,CUST0002,PROD0002,1017.94,1,4,242.63,Returned,UPI
ODR00003,2025-03-17,CUST0003,PROD0003,10652.76,6,25,859.08,Returned,Credit Card
ODR00004,2025-02-25,CUST0004,PROD0002,8665.8,5,19,1444.74,Delivered,Net Banking
ODR00005,2024-12-20,CUST0005,PROD0001,2150.4,2,20,267.77,Delivered,Cash
ODR00006,2025-04-22,CUST0006,PROD0003,16306.4,10,18,2357.53,Returned,Credit Card
ODR00007,2024-06-03,CUST0006,PROD0004,2537.52,4,19,261.63,Delivered,Net Banking
ODR00008,2024-06-17,CUST0007,PROD0002,3252.76,7,4,292.46,In Transit,Credit Card
ODR00009,2025-01-29,CUST0008,PROD0004,1145.98,1,22,177.37,Delivered,UPI
ODR00010,2025-01-26,CUST0002,PROD0001,13863.85,7,4,2735.89,In Transit,Net Banking
ODR00011,2024-10-30,CUST0009,PROD0005,4557.85,5,18,317.76,Returned,Credit Card
ODR00012,2025-03-17,CUST0010,PROD0006,2654.82,7,25,289.19,In Transit,Credit Card
ODR00013,2025-05-04,CUST0011,PROD0007,1626.72,6,1,104.38,Returned,Credit Card
ODR00014,2024-10-20,CUST0012,PROD0004,1879.32,4,14,144.0,In Transit,Net Banking
ODR00015,2024-08-01,CUST0013,PROD0002,9731.96,7,30,1228.0,In Transit,Net Banking
ODR00016,2024-07-12,CUST0014,PROD0008,411.1,2,26,35.16,In Transit,UPI
ODR00017,2025-03-04,CUST0015,PROD0008,9701.1,6,26,1420.5,In Transit,Net Banking
ODR00018,2024-07-05,CUST0016,PROD0009,2894.72,2,1,589.64,In Transit,Credit Card
ODR00019,2024-06-23,CUST0017,PROD0009,15095.8,10,0,1791.89,In Transit,Credit Card
ODR00020,2024-10-31,CUST0018,PROD0004,7913.6,5,27,365.9,Returned,UPI
ODR00021,2025-01-23,CUST0019,PROD0003,1344.77,1,25,56.96,Returned,Credit Card
ODR00022,2025-02-24,CUST0020,PROD0003,7816.32,6,1,1009.31,Returned,Credit Card
ODR00023,2024-06-26,CUST0021,PROD0003,17681.1,10,26,884.53,Delivered,UPI
ODR00024,2025-02-01,CUST0022,PROD0007,5216.7,10,21,259.15,Delivered,Cash
ODR00025,2024-12-20,CUST0023,PROD0008,9898.47,9,28,1292.04,In Transit,UPI
ODR00026,2025-02-09,CUST0024,PROD0010,15473.0,10,10,1377.35,Returned,Credit Card
ODR00027,2025-05-11,CUST0025,PROD0006,8638.56,8,26,1043.43,Returned,UPI
ODR00028,2024-08-28,CUST0026,PROD0006,1242.66,3,3,63.8,Returned,Cash
ODR00029,2025-04-26,CUST0027,PROD0011,802.35,5,24,57.18,Returned,Cash
ODR00030,2024-10-01,CUST0028,PROD0003,3375.2,2,5,722.26,In Transit,UPI
ODR00031,2024-06-04,CUST0029,PROD0010,2209.28,8,4,217.17,Returned,UPI
ODR00032,2024-05-12,CUST0030,PROD0006,6503.75,5,12,510.77,Delivered,Net Banking
ODR00033,2025-05-02,CUST0031,PROD0004,7153.4,4,18,1309.46,In Transit,Cash
ODR00034,2025-02-13,CUST0032,PROD0009,8470.55,5,5,1774.25,Returned,Cash
ODR00035,2024-07-06,CUST0033,PROD0012,6147.72,4,7,1020.0,In Transit,Credit Card
ODR00036,2024-05-25,CUST0034,PROD0006,2836.5,5,2,628.39,Delivered,Credit Card
ODR00037,2024-09-21,CUST0035,PROD0001,1870.92,1,0,104.31,Delivered,UPI
ODR00038,2024-07-14,CUST0036,PROD0003,9352.85,5,23,717.65,Returned,UPI
ODR00039,2024-07-31,CUST0037,PROD0001,4498.86,3,22,862.46,In Transit,Cash
ODR00040,2025-04-05,CUST0038,PROD0005,4073.37,7,24,528.49,Delivered,UPI
ODR00041,2024-05-27,CUST0039,PROD0012,4120.06,7,25,565.57,In Transit,Credit Card
ODR00042,2024-08-11,CUST0011,PROD0012,4954.95,9,11,884.66,Returned,UPI
ODR00043,2024-08-12,CUST0040,PROD0002,13218.4,8,14,1949.19,In Transit,Credit Card
ODR00044,2025-04-18,CUST0041,PROD0005,8531.88,7,3,1496.19,In Transit,UPI
ODR00045,2024-12-16,CUST0042,PROD0001,2359.92,3,3,183.13,Returned,Net Banking
ODR00046,2024-08-07,CUST0043,PROD0001,655.93,1,12,62.71,Delivered,Cash
ODR00047,2025-02-26,CUST0044,PROD0007,358.98,1,9,71.81,Delivered,UPI
ODR00048,2024-11-13,CUST0045,PROD0004,1902.93,1,15,365.62,Delivered,Cash
ODR00049,2025-03-03,CUST0046,PROD0003,5095.65,7,5,808.51,Delivered,Credit Card
ODR00050,2024-08-16,CUST0047,PROD0009,11397.75,7,1,2719.65,In Transit,Credit Card
ODR00051,2024-09-04,CUST0033,PROD0010,947.64,6,10,185.53,Returned,UPI
ODR00052,2025-02-20,CUST0048,PROD0002,3094.56,4,21,261.86,Returned,Net Banking
ODR00053,2024-10-05,CUST0049,PROD0009,9718.73,7,27,356.81,In Transit,Cash
ODR00054,2024-12-27,CUST0050,PROD0005,13397.79,7,19,2309.55,Returned,Cash
ODR00055,2025-02-22,CUST0051,PROD0007,3592.82,2,1,841.7,In Transit,Credit Card
ODR00056,2024-09-08,CUST0052,PROD0009,1613.09,1,27,205.51,Delivered,Net Banking
ODR00057,2024-08-13,CUST0049,PROD0002,10848.16,8,26,1581.16,Delivered,Credit Card
ODR00058,2024-11-25,CUST0053,PROD0004,11803.92,6,10,856.03,In Transit,Credit Card
ODR00059,2024-09-09,CUST0054,PROD0011,4463.48,7,2,591.73,Returned,UPI
ODR00060,2024-08-13,CUST0055,PROD0005,649.31,1,19,53.76,Returned,UPI
ODR00061,2025-05-07,CUST0056,PROD0011,1693.85,1,16,182.97,In Transit,UPI
ODR00062,2025-02-12,CUST0057,PROD0009,1530.08,2,22,216.71,In Transit,Net Banking
ODR00063,2025-05-11,CUST0058,PROD0006,12486.95,7,5,2799.04,In Transit,Credit Card
ODR00064,2024-08-27,CUST0036,PROD0007,4574.22,7,23,727.68,In Transit,Credit Card
ODR00065,2025-05-06,CUST0047,PROD0010,7773.93,9,28,1104.03,Delivered,Net Banking
ODR00066,2024-11-15,CUST0017,PROD0003,9476.4,8,4,703.64,Returned,UPI
ODR00067,2024-09-06,CUST0059,PROD0011,3774.96,9,17,163.01,Returned,Net Banking
ODR00068,2024-10-18,CUST0026,PROD0009,11246.04,6,6,2435.79,Delivered,Net Banking
ODR00069,2025-03-14,CUST0036,PROD0005,3300.72,2,25,578.44,Delivered,Credit Card
ODR00070,2024-11-07,CUST0060,PROD0007,8488.2,6,24,873.92,In Transit,Net Banking
ODR00071,2024-08-14,CUST0061,PROD0008,2992.53,3,16,335.06,Delivered,Credit Card
ODR00072,2025-03-04,CUST0062,PROD0002,1637.42,2,1,248.33,Delivered,Credit Card
ODR00073,2025-04-21,CUST0046,PROD0012,11379.96,6,13,636.81,Returned,Credit Card
ODR00074,2024-06-22,CUST0063,PROD0001,7066.55,5,13,1479.7,Returned,Cash
ODR00075,2025-05-04,CUST0064,PROD0002,1577.94,2,26,229.33,Delivered,Credit Card
ODR00076,2024-10-12,CUST0009,PROD0006,763.96,1,10,39.58,Returned,Credit Card
ODR00077,2025-03-19,CUST0065,PROD0001,13950.09,9,24,1635.16,Delivered,Credit Card
ODR00078,2025-01-07,CUST0066,PROD0005,8912.76,6,26,1590.24,Delivered,Credit Card
ODR00079,2025-04-27,CUST0067,PROD0004,9077.04,8,23,1162.69,Returned,Credit Card
ODR00080,2024-11-27,CUST0068,PROD0008,8681.76,6,0,914.67,In Transit,UPI
ODR00081,2024-07-01,CUST0069,PROD0003,15324.96,8,27,630.78,Returned,Cash
ODR00082,2024-09-05,CUST0070,PROD0010,4456.62,9,11,803.43,In Transit,Net Banking
ODR00083,2024-12-03,CUST0071,PROD0002,13463.12,8,29,1135.76,Delivered,Credit Card
ODR00084,2025-01-03,CUST0069,PROD0009,12675.39,7,10,768.8,In Transit,Net Banking
ODR00085,2024-07-06,CUST0056,PROD0001,12314.64,8,21,1574.18,Delivered,UPI
ODR00086,2025-01-10,CUST0072,PROD0004,13555.1,10,26,788.7,Delivered,Cash
ODR00087,2024-08-06,CUST0071,PROD0008,3461.64,6,10,530.8,In Transit,UPI
ODR00088,2024-07-18,CUST0073,PROD0006,8002.98,9,21,800.58,Returned,Credit Card
ODR00089,2024-09-25,CUST0074,PROD0010,14939.73,9,20,2876.37,In Transit,Cash
ODR00090,2024-06-25,CUST0075,PROD0012,11401.1,10,1,1794.61,Returned,Cash
ODR00091,2024-11-19,CUST0051,PROD0009,7994.22,6,11,895.16,Delivered,UPI
ODR00092,2025-02-04,CUST0041,PROD0002,6333.35,5,17,853.27,In Transit,Net Banking
ODR00093,2024-11-26,CUST0076,PROD0003,10863.04,8,4,1093.22,Delivered,Net Banking
ODR00094,2025-04-01,CUST0026,PROD0009,15379.2,9,8,3526.58,In Transit,Net Banking
ODR00095,2025-04-05,CUST0077,PROD0001,10251.01,7,2,2263.82,Returned,Net Banking
ODR00096,2024-06-11,CUST0078,PROD0010,437.48,2,3,28.55,Delivered,UPI
ODR00097,2024-09-25,CUST0015,PROD0001,640.4,2,9,40.45,In Transit,Net Banking
ODR00098,2024-07-06,CUST0030,PROD0003,5637.84,3,5,366.61,In Transit,UPI
ODR00099,2024-05-15,CUST0079,PROD0003,16167.51,9,19,1210.18,Returned,UPI
ODR00100,2024-05-31,CUST0080,PROD0008,8236.48,8,22,1095.97,In Transit,Net Banking
ODR00101,2024-12-13,CUST0081,PROD0009,12156.5,10,15,2302.3,Delivered,Cash
ODR00102,2024-07-28,CUST0082,PROD0001,1007.37,1,20,167.76,In Transit,Net Banking
ODR00103,2025-03-14,CUST0032,PROD0002,948.24,1,27,34.91,Returned,Credit Card
ODR00104,2025-04-29,CUST0014,PROD0001,7304.5,10,5,461.1,Delivered,Cash
ODR00105,2025-03-20,CUST0047,PROD0003,4409.01,3,26,466.16,In Transit,Credit Card
ODR00106,2024-07-08,CUST0055,PROD0006,736.65,3,8,123.05,Returned,UPI
ODR00107,2024-12-06,CUST0083,PROD0012,12407.84,8,24,1510.0,In Transit,Credit Card
ODR00108,2025-04-17,CUST0084,PROD0001,6470.3,10,3,1412.01,In Transit,Credit Card
ODR00109,2024-08-13,CUST0085,PROD0008,1823.95,5,8,372.97,Delivered,Credit Card
ODR00110,2024-09-13,CUST0048,PROD0002,6669.96,6,7,1226.27,In Transit,Credit Card
ODR00111,2025-02-05,CUST0086,PROD0006,9728.82,6,2,1193.55,In Transit,Cash
ODR00112,2024-06-25,CUST0027,PROD0012,1967.21,7,3,266.68,Returned,Net Banking
ODR00113,2024-11-27,CUST0026,PROD0006,5833.08,6,17,603.82,Delivered,Net Banking
ODR00114,2024-11-27,CUST0080,PROD0005,9606.8,10,27,490.28,Delivered,Net Banking
ODR00115,2024-10-24,CUST0058,PROD0002,7294.2,5,29,1264.71,Delivered,UPI
ODR00116,2024-07-08,CUST0050,PROD0010,1341.38,1,2,298.27,In Transit,Credit Card
ODR00117,2025-03-02,CUST0087,PROD0003,1912.92,6,11,334.38,Returned,Net Banking
ODR00118,2024-11-23,CUST0015,PROD0009,890.28,4,0,90.24,Delivered,Cash
ODR00119,2025-03-10,CUST0034,PROD0007,1513.36,4,10,90.69,In Transit,Credit Card
ODR00120,2025-05-06,CUST0088,PROD0001,1000.8,8,6,170.82,Delivered,Credit Card
ODR00121,2025-04-30,CUST0043,PROD0012,619.34,2,28,42.8,Delivered,UPI
ODR00122,2025-04-27,CUST0089,PROD0002,8766.27,9,30,769.54,In Transit,Net Banking
ODR00123,2024-07-02,CUST0090,PROD0010,1486.48,8,9,111.09,Returned,Net Banking
ODR00124,2024-09-11,CUST0091,PROD0005,6517.32,4,4,1083.1,Delivered,Credit Card
ODR00125,2024-12-07,CUST0045,PROD0003,2619.36,8,26,423.72,Returned,UPI
ODR00126,2024-06-12,CUST0092,PROD0003,1695.55,1,26,114.02,In Transit,Credit Card
ODR00127,2025-02-26,CUST0042,PROD0004,6987.68,4,25,854.53,Returned,UPI
ODR00128,2024-07-22,CUST0084,PROD0012,17292.7,10,14,2378.51,Returned,UPI
ODR00129,2025-01-09,CUST0093,PROD0003,10338.78,6,21,758.29,Delivered,Cash
ODR00130,2024-12-22,CUST0094,PROD0001,14036.8,8,12,2716.89,Delivered,Credit Card
ODR00131,2024-12-08,CUST0019,PROD0012,2229.44,2,25,365.63,In Transit,Net Banking
ODR00132,2024-09-29,CUST0095,PROD0007,19121.8,10,24,1486.94,Returned,Credit Card
ODR00133,2025-04-04,CUST0067,PROD0007,10600.5,6,6,1499.91,Returned,Credit Card
ODR00134,2024-09-16,CUST0096,PROD0002,10089.73,7,5,961.58,In Transit,Net Banking
ODR00135,2024-08-10,CUST0097,PROD0001,1979.31,3,2,261.05,Returned,Cash
ODR00136,2024-09-01,CUST0001,PROD0010,1115.34,3,20,198.33,Delivered,Net Banking
ODR00137,2024-12-20,CUST0012,PROD0011,4203.96,6,8,435.13,In Transit,UPI
ODR00138,2024-10-15,CUST0019,PROD0005,6056.12,4,30,548.38,Delivered,Credit Card
ODR00139,2024-11-26,CUST0051,PROD0001,492.6,3,29,26.51,Returned,Credit Card
ODR00140,2025-01-28,CUST0065,PROD0008,919.57,1,28,124.44,Returned,Credit Card
ODR00141,2024-10-31,CUST0061,PROD0002,442.16,2,30,64.29,In Transit,UPI
ODR00142,2025-01-07,CUST0098,PROD0005,9037.8,9,22,508.45,Delivered,UPI
ODR00143,2025-01-25,CUST0099,PROD0010,7139.36,8,21,415.54,In Transit,UPI
ODR00144,2024-08-16,CUST0100,PROD0001,4531.23,3,9,427.21,Returned,Cash
ODR00145,2024-11-01,CUST0101,PROD0005,3483.96,4,8,712.61,Returned,Cash
ODR00146,2025-02-02,CUST0045,PROD0003,6450.84,6,18,1088.03,In Transit,Cash
ODR00147,2024-06-21,CUST0060,PROD0005,4442.0,8,4,426.32,In Transit,Credit Card
ODR00148,2025-02-16,CUST0102,PROD0010,12996.06,7,18,1717.82,Returned,UPI
ODR00149,2025-04-09,CUST0031,PROD0009,4391.1,6,16,221.69,In Transit,Net Banking
ODR00150,2024-11-06,CUST0034,PROD0007,3591.69,3,25,486.14,In Transit,UPI
ODR00151,2024-09-26,CUST0042,PROD0012,6595.83,9,5,406.17,In Transit,Credit Card
ODR00152,2024-06-29,CUST0103,PROD0010,4142.73,3,29,464.48,In Transit,Cash
ODR00153,2025-03-17,CUST0104,PROD0010,3859.52,7,9,479.18,Returned,UPI
ODR00154,2025-01-13,CUST0105,PROD0001,10372.24,8,2,2174.37,Delivered,Net Banking
ODR00155,2025-05-08,CUST0106,PROD0007,11876.5,10,18,1489.68,Returned,Credit Card
ODR00156,2024-11-17,CUST0107,PROD0012,14732.55,9,24,911.76,Returned,Credit Card
ODR00157,2024-11-09,CUST0108,PROD0003,3590.58,2,1,849.0,Returned,Net Banking
ODR00158,2025-02-16,CUST0017,PROD0002,4343.99,7,9,477.35,Delivered,UPI
ODR00159,2025-01-03,CUST0109,PROD0003,15587.19,9,0,1698.78,In Transit,Net Banking
ODR00160,2024-10-26,CUST0110,PROD0002,4379.4,10,1,393.79,Returned,Credit Card
ODR00161,2025-05-11,CUST0020,PROD0003,2772.1,10,28,183.66,In Transit,Net Banking
ODR00162,2024-09-12,CUST0111,PROD0005,11917.2,8,29,1195.47,Returned,Net Banking
ODR00163,2024-10-26,CUST0018,PROD0005,9498.6,6,15,433.48,Delivered,Credit Card
ODR00164,2024-07-21,CUST0106,PROD0004,8882.65,7,29,644.29,Delivered,Cash
ODR00165,2025-03-03,CUST0112,PROD0005,1852.25,1,3,345.86,Returned,Credit Card
ODR00166,2025-02-19,CUST0113,PROD0001,10395.5,10,8,1678.52,In Transit,Net Banking
ODR00167,2024-12-31,CUST0028,PROD0001,7116.42,6,30,526.0,Returned,Net Banking
ODR00168,2024-07-09,CUST0114,PROD0011,3946.5,3,2,748.19,In Transit,Net Banking
ODR00169,2025-01-17,CUST0115,PROD0011,2214.93,3,13,231.26,Returned,Net Banking
ODR00170,2024-12-30,CUST0111,PROD0009,9732.1,7,4,494.42,Delivered,Cash
ODR00171,2024-08-18,CUST0058,PROD0003,17231.13,9,19,2441.5,Returned,Cash
ODR00172,2025-03-01,CUST0116,PROD0002,9196.14,6,11,1180.01,In Transit,Credit Card
ODR00173,2024-07-03,CUST0117,PROD0006,4732.3,5,23,660.9,In Transit,UPI
ODR00174,2025-03-26,CUST0118,PROD0004,6921.88,7,14,975.88,In Transit,Credit Card
ODR00175,2024-12-19,CUST0071,PROD0007,2244.78,2,7,282.76,In Transit,Credit Card
ODR00176,2024-06-21,CUST0119,PROD0004,8847.27,9,5,581.4,Returned,UPI
ODR00177,2025-01-08,CUST0115,PROD0011,2469.96,3,10,531.04,Returned,UPI
ODR00178,2024-10-08,CUST0066,PROD0003,10313.73,7,3,597.27,Delivered,UPI
ODR00179,2024-06-10,CUST0047,PROD0012,101.77,1,6,8.29,Returned,Credit Card
ODR00180,2025-03-19,CUST0120,PROD0002,3335.01,7,14,259.43,Delivered,Credit Card
ODR00181,2024-06-10,CUST0121,PROD0002,13470.31,7,12,1078.89,In Transit,Cash
ODR00182,2024-08-13,CUST0034,PROD0012,2413.68,2,16,223.22,Returned,Cash
ODR00183,2025-04-01,CUST0122,PROD0005,7224.75,5,7,896.59,In Transit,Net Banking
ODR00184,2024-07-02,CUST0084,PROD0002,2271.28,2,13,376.88,Delivered,Credit Card
ODR00185,2024-10-05,CUST0064,PROD0007,3736.77,3,3,520.99,Delivered,Cash
ODR00186,2024-12-18,CUST0075,PROD0011,1517.0,5,19,124.92,In Transit,Credit Card
ODR00187,2024-07-21,CUST0123,PROD0005,17223.3,9,6,2658.31,Returned,Credit Card
ODR00188,2024-09-05,CUST0087,PROD0006,10844.9,10,2,2260.62,Delivered,Credit Card
ODR00189,2024-12-19,CUST0124,PROD0011,9623.16,9,12,1197.52,In Transit,Net Banking
ODR00190,2025-03-22,CUST0125,PROD0005,3266.86,2,3,415.14,Delivered,UPI
ODR00191,2025-03-22,CUST0014,PROD0005,4641.65,5,3,662.36,Delivered,UPI
ODR00192,2024-10-30,CUST0124,PROD0004,11174.49,9,23,2088.23,In Transit,Cash
ODR00193,2024-06-07,CUST0106,PROD0005,2500.32,8,14,273.24,Returned,Credit Card
ODR00194,2025-01-20,CUST0126,PROD0001,2427.2,4,9,335.5,In Transit,Cash
ODR00195,2024-10-09,CUST0052,PROD0006,19110.0,10,22,1844.09,Delivered,UPI
ODR00196,2024-06-30,CUST0127,PROD0002,3605.9,2,1,544.07,Delivered,Credit Card
ODR00197,2024-07-31,CUST0128,PROD0005,12837.7,10,3,2477.79,In Transit,Cash
ODR00198,2025-04-23,CUST0117,PROD0002,4183.9,7,16,700.63,Returned,Cash
ODR00199,2024-11-06,CUST0129,PROD0003,6681.15,9,21,1222.27,Delivered,Credit Card
ODR00200,2025-02-17,CUST0130,PROD0004,2800.82,2,2,675.93,Delivered,Credit Card
ODR00201,2024-07-26,CUST0031,PROD0011,7698.16,4,8,570.99,Delivered,UPI
ODR00202,2024-10-19,CUST0034,PROD0003,10236.3,10,11,1226.09,Delivered,Credit Card
ODR00203,2025-02-10,CUST0131,PROD0005,11839.1,7,19,1919.48,In Transit,Net Banking
ODR00204,2025-01-31,CUST0028,PROD0010,5352.92,4,7,839.31,Returned,Cash
ODR00205,2025-02-18,CUST0001,PROD0002,18896.6,10,7,1483.08,Returned,UPI
ODR00206,2024-06-09,CUST0132,PROD0011,1281.15,1,13,269.27,Delivered,Credit Card
ODR00207,2025-01-04,CUST0116,PROD0005,1060.56,8,23,46.17,In Transit,Net Banking
ODR00208,2024-08-19,CUST0055,PROD0005,17271.36,9,19,1929.15,Returned,UPI
ODR00209,2025-04-11,CUST0133,PROD0009,4685.04,8,7,271.33,Returned,Credit Card
ODR00210,2024-09-12,CUST0002,PROD0011,6836.25,5,23,577.97,Delivered,UPI
ODR00211,2024-10-14,CUST0134,PROD0008,215.93,1,3,49.7,Delivered,Net Banking
ODR00212,2025-01-27,CUST0135,PROD0004,14407.38,9,22,1182.69,Returned,UPI
ODR00213,2024-11-29,CUST0136,PROD0009,10486.8,6,23,1813.34,Returned,Cash
ODR00214,2024-09-23,CUST0137,PROD0008,4445.35,7,16,877.73,In Transit,Cash
ODR00215,2024-11-27,CUST0008,PROD0007,7692.25,5,16,1235.53,Returned,Credit Card
ODR00216,2024-09-14,CUST0028,PROD0001,3414.66,2,18,328.18,In Transit,Net Banking
ODR00217,2024-12-03,CUST0003,PROD0008,2605.95,3,18,301.38,Returned,Net Banking
ODR00218,2024-07-06,CUST0138,PROD0007,17874.9,10,27,1396.63,Delivered,Cash
ODR00219,2024-06-20,CUST0076,PROD0012,5003.25,3,27,750.73,In Transit,Cash
ODR00220,2024-11-12,CUST0081,PROD0004,8370.88,8,23,1136.53,Returned,Credit Card
ODR00221,2024-05-20,CUST0139,PROD0012,9669.65,5,3,1033.82,Returned,UPI
ODR00222,2025-01-07,CUST0140,PROD0012,9181.92,8,10,979.43,Returned,Net Banking
ODR00223,2025-01-20,CUST0121,PROD0006,3552.7,10,18,249.77,Delivered,Net Banking
ODR00224,2025-02-21,CUST0093,PROD0003,1928.3,10,12,278.29,Returned,UPI
ODR00225,2025-03-16,CUST0141,PROD0011,343.38,2,24,23.8,Returned,Credit Card
ODR00226,2025-01-24,CUST0006,PROD0002,9572.48,8,23,1171.74,Delivered,Cash
ODR00227,2024-07-07,CUST0086,PROD0005,739.16,4,13,127.81,Delivered,Net Banking
ODR00228,2024-08-22,CUST0142,PROD0010,2875.23,3,30,360.89,In Transit,Net Banking
ODR00229,2024-09-14,CUST0064,PROD0005,7136.99,7,20,641.97,In Transit,Credit Card
ODR00230,2025-03-25,CUST0099,PROD0009,1971.63,9,20,288.76,Delivered,UPI
ODR00231,2025-02-09,CUST0143,PROD0006,5002.2,4,25,718.97,In Transit,UPI
ODR00232,2024-12-31,CUST0144,PROD0001,2988.94,2,20,492.27,Delivered,Credit Card
ODR00233,2025-02-11,CUST0119,PROD0008,6342.48,8,27,249.15,In Transit,Cash
ODR00234,2024-05-26,CUST0127,PROD0001,5731.28,8,2,651.47,Delivered,Net Banking
ODR00235,2024-10-09,CUST0145,PROD0011,8702.56,8,15,1031.06,In Transit,Credit Card
ODR00236,2025-04-26,CUST0125,PROD0010,9942.64,8,6,1874.78,In Transit,Credit Card
ODR00237,2024-12-23,CUST0146,PROD0004,11650.23,9,19,2249.76,Returned,Cash
ODR00238,2025-01-20,CUST0125,PROD0002,5543.2,5,9,1054.68,Delivered,Cash
ODR00239,2024-12-04,CUST0147,PROD0007,5827.16,4,30,549.95,Delivered,Credit Card
ODR00240,2024-11-09,CUST0143,PROD0011,10705.8,6,15,1248.94,In Transit,UPI
ODR00241,2025-03-20,CUST0134,PROD0004,7004.7,9,7,1287.23,Delivered,Credit Card
ODR00242,2024-10-03,CUST0048,PROD0005,14542.3,10,12,1404.2,Returned,Cash
ODR00243,2025-01-02,CUST0060,PROD0004,12935.86,7,27,552.78,Delivered,Net Banking
ODR00244,2025-04-14,CUST0020,PROD0004,9876.2,10,8,810.68,Delivered,Net Banking
ODR00245,2025-05-01,CUST0145,PROD0008,469.36,2,2,108.43,Delivered,Credit Card
ODR00246,2024-10-27,CUST0002,PROD0003,3696.08,8,22,651.95,Returned,Cash
ODR00247,2024-06-10,CUST0094,PROD0009,9126.6,5,1,965.89,Returned,Cash
ODR00248,2025-01-25,CUST0038,PROD0004,2047.2,3,21,397.8,Returned,Net Banking
ODR00249,2025-04-29,CUST0043,PROD0007,10615.38,6,28,781.74,Delivered,Net Banking
ODR00250,2024-06-06,CUST0048,PROD0006,18725.2,10,15,2590.78,In Transit,Net Banking
ODR00251,2025-01-01,CUST0125,PROD0010,8717.05,5,19,1195.85,Returned,Net Banking
ODR00252,2024-05-18,CUST0039,PROD0005,10953.44,8,28,572.64,Delivered,Cash
ODR00253,2024-08-07,CUST0148,PROD0009,5761.32,6,1,1180.47,Returned,Net Banking
ODR00254,2024-09-01,CUST0127,PROD0012,2648.88,3,14,439.61,Delivered,Net Banking
ODR00255,2025-03-06,CUST0061,PROD0012,13710.6,9,6,1371.34,Returned,Net Banking
ODR00256,2024-10-08,CUST0149,PROD0005,1834.04,2,24,189.55,Delivered,Cash
ODR00257,2025-05-01,CUST0061,PROD0005,3243.4,10,2,344.83,Delivered,Net Banking
ODR00258,2025-03-17,CUST0030,PROD0011,9303.68,8,28,818.19,In Transit,Net Banking
ODR00259,2024-06-27,CUST0049,PROD0012,961.04,4,1,52.23,Returned,UPI
ODR00260,2024-08-04,CUST0150,PROD0010,6185.4,4,27,755.07,Returned,UPI
ODR00261,2025-02-26,CUST0151,PROD0010,890.76,1,15,127.15,In Transit,UPI
ODR00262,2024-08-06,CUST0122,PROD0005,17465.0,10,5,2087.16,Returned,UPI
ODR00263,2024-10-16,CUST0018,PROD0003,5031.55,5,29,332.29,In Transit,Credit Card
ODR00264,2024-07-24,CUST0152,PROD0001,1916.2,4,15,298.97,Delivered,Cash
ODR00265,2025-04-16,CUST0011,PROD0011,9407.4,10,2,1067.62,In Transit,Credit Card
ODR00266,2024-07-26,CUST0153,PROD0011,1808.13,1,9,156.77,In Transit,UPI
ODR00267,2025-05-03,CUST0007,PROD0002,2468.46,3,24,108.13,Returned,Cash
ODR00268,2025-04-28,CUST0154,PROD0004,2580.0,10,10,203.39,Returned,Credit Card
ODR00269,2025-04-03,CUST0155,PROD0010,13564.8,8,7,3074.62,Returned,Net Banking
ODR00270,2025-02-16,CUST0072,PROD0009,641.18,2,24,98.47,Returned,Net Banking
ODR00271,2025-01-26,CUST0072,PROD0005,12137.3,10,12,1336.04,In Transit,Net Banking
ODR00272,2024-06-30,CUST0156,PROD0008,5395.14,9,30,803.26,Returned,Cash
ODR00273,2024-12-14,CUST0011,PROD0011,1286.3,10,24,128.87,Delivered,Cash
ODR00274,2024-09-14,CUST0107,PROD0005,4079.6,4,2,908.73,Returned,UPI
ODR00275,2024-07-02,CUST0111,PROD0001,2245.86,6,27,361.41,In Transit,Cash
ODR00276,2024-05-24,CUST0157,PROD0012,12438.86,7,9,2097.65,Delivered,UPI
ODR00277,2024-08-02,CUST0022,PROD0012,5064.36,4,19,507.66,Returned,Net Banking
ODR00278,2024-10-09,CUST0158,PROD0005,472.86,2,0,94.75,Returned,Credit Card
ODR00279,2025-04-20,CUST0004,PROD0007,1478.69,1,12,275.03,Delivered,UPI
ODR00280,2025-03-13,CUST0159,PROD0006,18644.2,10,19,2363.31,Delivered,Net Banking
ODR00281,2024-07-21,CUST0127,PROD0010,4942.02,6,22,631.66,Delivered,Net Banking
ODR00282,2024-11-13,CUST0120,PROD0011,5029.02,6,19,486.97,Returned,UPI
ODR00283,2024-08-10,CUST0089,PROD0010,2464.68,2,13,438.25,In Transit,Net Banking
ODR00284,2024-05-20,CUST0076,PROD0001,3877.72,2,12,722.87,In Transit,UPI
ODR00285,2024-06-18,CUST0002,PROD0005,6679.44,9,1,807.7,Delivered,Credit Card
ODR00286,2025-01-15,CUST0160,PROD0007,4123.8,4,8,593.76,Delivered,Cash
ODR00287,2024-09-04,CUST0084,PROD0003,2261.34,9,8,509.97,Delivered,Credit Card
ODR00288,2025-04-07,CUST0065,PROD0007,3802.44,3,5,845.87,Delivered,Credit Card
ODR00289,2025-03-08,CUST0081,PROD0002,4210.02,9,12,273.68,Delivered,Net Banking
ODR00290,2025-04-01,CUST0161,PROD0007,2581.6,2,5,417.01,Delivered,Net Banking
ODR00291,2025-03-22,CUST0162,PROD0012,7488.6,7,17,1006.99,In Transit,Cash
ODR00292,2025-04-02,CUST0066,PROD0012,14933.12,8,5,1934.32,In Transit,Net Banking
ODR00293,2024-06-03,CUST0163,PROD0011,5846.7,6,27,295.01,Delivered,Credit Card
ODR00294,2024-12-05,CUST0089,PROD0011,13209.21,7,27,968.94,In Transit,Credit Card
ODR00295,2024-07-02,CUST0164,PROD0012,1213.32,1,2,265.82,In Transit,Net Banking
ODR00296,2025-04-11,CUST0132,PROD0004,2540.76,6,2,289.39,Delivered,Cash
ODR00297,2024-12-07,CUST0005,PROD0008,6833.76,8,5,899.79,Returned,Credit Card
ODR00298,2024-12-12,CUST0131,PROD0004,13150.88,8,1,1750.48,Delivered,Net Banking
ODR00299,2024-07-14,CUST0035,PROD0012,6603.0,10,27,922.36,Returned,UPI
ODR00300,2024-07-17,CUST0163,PROD0011,7474.92,6,21,981.6,Delivered,UPI
ODR00301,2024-07-11,CUST0057,PROD0009,7753.2,7,8,1136.17,In Transit,Net Banking
ODR00302,2025-04-24,CUST0127,PROD0004,4486.2,4,22,450.58,Delivered,Credit Card
ODR00303,2025-03-29,CUST0098,PROD0009,3678.36,4,26,174.5,Delivered,Net Banking
ODR00304,2024-06-13,CUST0049,PROD0009,1635.62,2,16,165.3,In Transit,Cash
ODR00305,2024-09-24,CUST0165,PROD0003,5816.9,10,13,955.4,Delivered,UPI
ODR00306,2024-09-11,CUST0166,PROD0006,2113.75,5,29,285.45,In Transit,Credit Card
ODR00307,2025-04-07,CUST0167,PROD0002,5635.68,3,8,804.34,In Transit,Credit Card
ODR00308,2024-09-27,CUST0049,PROD0005,1873.53,9,4,365.97,In Transit,UPI
ODR00309,2025-02-17,CUST0051,PROD0012,3115.26,6,30,345.2,Returned,Cash
ODR00310,2024-12-24,CUST0024,PROD0010,5687.0,5,28,574.05,Returned,Cash
ODR00311,2025-04-30,CUST0103,PROD0008,7704.48,8,15,405.89,In Transit,Cash
ODR00312,2025-01-04,CUST0111,PROD0001,8439.6,10,27,907.33,Returned,Cash
ODR00313,2024-11-02,CUST0009,PROD0008,3395.94,3,7,634.03,In Transit,UPI
ODR00314,2025-03-13,CUST0084,PROD0001,3477.48,4,8,249.99,Returned,UPI
ODR00315,2025-04-26,CUST0168,PROD0011,415.86,3,25,56.97,In Transit,Credit Card
ODR00316,2025-04-10,CUST0001,PROD0006,8754.54,6,1,1955.03,In Transit,UPI
ODR00317,2024-08-27,CUST0169,PROD0003,1419.44,1,14,304.38,Delivered,Credit Card
ODR00318,2024-11-11,CUST0170,PROD0012,3688.48,2,25,216.22,In Transit,UPI
ODR00319,2024-05-31,CUST0149,PROD0002,532.09,1,21,63.65,Returned,Credit Card
ODR00320,2025-03-07,CUST0033,PROD0008,358.86,2,1,66.47,Delivered,Net Banking
ODR00321,2025-01-10,CUST0012,PROD0006,3260.24,4,24,249.27,Delivered,Credit Card
ODR00322,2024-08-29,CUST0107,PROD0005,1331.07,3,12,165.94,Returned,UPI
ODR00323,2024-07-21,CUST0043,PROD0012,3054.02,2,16,614.72,Delivered,Net Banking
ODR00324,2025-02-12,CUST0050,PROD0004,804.38,2,14,157.79,In Transit,Credit Card
ODR00325,2024-06-20,CUST0006,PROD0002,2328.0,2,8,435.9,In Transit,Net Banking
ODR00326,2024-10-02,CUST0027,PROD0012,12077.12,8,0,1936.97,Returned,UPI
ODR00327,2024-10-24,CUST0029,PROD0008,8844.8,5,5,1924.11,Returned,Cash
ODR00328,2024-07-17,CUST0171,PROD0008,9259.3,10,18,706.01,Returned,Net Banking
ODR00329,2025-03-09,CUST0050,PROD0012,2628.6,4,20,375.05,Returned,Net Banking
ODR00330,2024-06-23,CUST0082,PROD0003,1033.49,1,1,212.27,Returned,Net Banking
ODR00331,2024-12-02,CUST0172,PROD0001,2148.36,2,13,360.59,Returned,Credit Card
ODR00332,2024-10-23,CUST0159,PROD0007,7124.11,7,5,1534.65,In Transit,Cash
ODR00333,2025-05-07,CUST0150,PROD0004,1482.28,2,0,208.11,In Transit,UPI
ODR00334,2024-07-24,CUST0162,PROD0010,2994.2,5,5,669.55,In Transit,UPI
ODR00335,2024-05-27,CUST0030,PROD0008,3711.04,8,17,516.17,Delivered,Cash
ODR00336,2024-09-12,CUST0173,PROD0006,3015.84,4,10,148.23,Delivered,Credit Card
ODR00337,2025-01-15,CUST0090,PROD0009,5041.8,10,17,832.98,In Transit,Credit Card
ODR00338,2025-04-22,CUST0174,PROD0002,6595.6,5,10,1450.17,Returned,Cash
ODR00339,2025-04-28,CUST0037,PROD0006,1803.52,8,25,146.33,Returned,Net Banking
ODR00340,2024-06-28,CUST0122,PROD0009,1528.38,6,8,257.32,In Transit,Cash
ODR00341,2025-05-03,CUST0123,PROD0008,3866.16,3,16,454.36,In Transit,Credit Card
ODR00342,2024-10-12,CUST0165,PROD0007,1992.24,4,9,317.91,Returned,Credit Card
ODR00343,2024-08-02,CUST0175,PROD0012,1066.35,1,19,203.27,Returned,UPI
ODR00344,2024-07-05,CUST0107,PROD0009,3256.5,6,3,430.26,In Transit,Cash
ODR00345,2024-09-19,CUST0161,PROD0012,3086.4,8,7,541.91,In Transit,Cash
ODR00346,2024-12-14,CUST0005,PROD0001,3828.66,3,25,572.72,Delivered,Credit Card
ODR00347,2024-08-30,CUST0014,PROD0002,1490.85,5,8,243.51,Delivered,Net Banking
ODR00348,2025-05-04,CUST0005,PROD0006,7593.6,4,0,686.94,Delivered,UPI
ODR00349,2024-10-04,CUST0030,PROD0010,10440.08,8,3,2315.37,Returned,Credit Card
ODR00350,2024-12-20,CUST0176,PROD0007,1530.21,1,4,358.53,Returned,Credit Card
ODR00351,2025-04-10,CUST0153,PROD0001,4381.8,3,2,346.29,Delivered,UPI
ODR00352,2024-11-20,CUST0035,PROD0004,12574.98,9,26,2293.28,Delivered,Cash
ODR00353,2025-05-07,CUST0068,PROD0004,2649.95,5,11,241.79,In Transit,Cash
ODR00354,2024-10-17,CUST0177,PROD0012,1186.86,3,19,81.53,In Transit,Cash
ODR00355,2024-06-04,CUST0027,PROD0007,649.16,2,5,95.89,Returned,Credit Card
ODR00356,2024-10-02,CUST0131,PROD0010,607.6,2,2,82.34,Delivered,Credit Card
ODR00357,2024-07-16,CUST0129,PROD0007,125.5,1,15,25.78,In Transit,Net Banking
ODR00358,2024-06-08,CUST0161,PROD0004,4103.13,3,6,612.36,Returned,Credit Card
ODR00359,2024-07-29,CUST0178,PROD0007,638.14,1,23,75.63,In Transit,Credit Card
ODR00360,2024-12-24,CUST0160,PROD0002,2355.9,5,22,94.95,Delivered,UPI
ODR00361,2024-08-09,CUST0024,PROD0008,6929.82,9,13,970.58,Returned,Net Banking
ODR00362,2025-03-26,CUST0107,PROD0005,1120.5,2,13,130.99,Delivered,Credit Card
ODR00363,2024-12-30,CUST0116,PROD0003,10397.7,9,14,1979.25,Delivered,Cash
ODR00364,2024-08-28,CUST0099,PROD0001,2427.3,2,23,229.71,In Transit,Cash
ODR00365,2024-12-03,CUST0038,PROD0001,1987.68,1,14,201.27,Delivered,UPI
ODR00366,2024-09-08,CUST0011,PROD0009,5859.12,4,7,537.89,Delivered,Cash
ODR00367,2024-11-19,CUST0179,PROD0001,3915.3,5,7,264.56,Returned,Credit Card
ODR00368,2024-10-12,CUST0141,PROD0008,3355.4,4,9,243.86,Delivered,UPI
ODR00369,2025-02-09,CUST0117,PROD0011,6153.66,6,8,1157.21,Delivered,Credit Card
ODR00370,2024-07-06,CUST0130,PROD0011,18243.5,10,13,2512.92,Returned,Net Banking
ODR00371,2024-09-19,CUST0031,PROD0009,3586.23,3,5,412.87,Returned,Cash
ODR00372,2024-12-25,CUST0180,PROD0007,14273.52,8,18,2538.78,In Transit,UPI
ODR00373,2024-10-15,CUST0098,PROD0005,2922.58,2,22,150.24,In Transit,Credit Card
ODR00374,2025-04-14,CUST0059,PROD0007,848.16,8,16,103.34,Returned,Net Banking
ODR00375,2025-03-24,CUST0171,PROD0003,7435.68,7,7,1366.4,In Transit,Net Banking
ODR00376,2024-12-31,CUST0114,PROD0006,4694.08,4,25,279.85,Returned,Net Banking
ODR00377,2025-01-31,CUST0144,PROD0003,3252.08,2,21,623.17,In Transit,UPI
ODR00378,2025-02-03,CUST0113,PROD0010,7742.07,9,1,794.37,Delivered,Credit Card
ODR00379,2024-11-22,CUST0083,PROD0011,9138.5,10,7,1421.7,In Transit,UPI
ODR00380,2024-07-18,CUST0066,PROD0004,7986.75,5,16,812.1,In Transit,Cash
ODR00381,2025-01-11,CUST0031,PROD0007,266.87,1,0,40.72,Returned,Credit Card
ODR00382,2024-08-19,CUST0086,PROD0005,2537.46,9,17,501.71,Delivered,Cash
ODR00383,2024-05-20,CUST0181,PROD0002,7377.39,9,2,908.57,Delivered,Cash
ODR00384,2024-09-24,CUST0182,PROD0002,4547.34,6,29,392.98,Delivered,UPI
ODR00385,2025-02-20,CUST0166,PROD0011,1055.52,1,1,187.0,In Transit,UPI
ODR00386,2025-04-28,CUST0183,PROD0011,4521.84,6,29,516.24,Returned,Net Banking
ODR00387,2024-12-19,CUST0105,PROD0004,10116.81,9,19,586.13,Returned,Cash
ODR00388,2024-06-29,CUST0056,PROD0001,2999.14,2,28,505.06,Returned,Net Banking
ODR00389,2025-04-28,CUST0085,PROD0001,1576.13,1,16,288.46,Delivered,Cash
ODR00390,2025-02-24,CUST0059,PROD0010,869.13,1,3,150.25,In Transit,Cash
ODR00391,2025-04-15,CUST0100,PROD0010,8414.4,8,20,430.15,Delivered,UPI
ODR00392,2024-12-02,CUST0026,PROD0003,5007.7,10,25,498.0,Returned,Credit Card
ODR00393,2024-11-17,CUST0184,PROD0009,3023.52,3,21,140.82,Returned,Credit Card
ODR00394,2024-12-16,CUST0099,PROD0003,1089.12,6,1,260.65,In Transit,Credit Card
ODR00395,2025-04-11,CUST0075,PROD0005,5421.92,7,16,895.38,In Transit,Net Banking
ODR00396,2025-01-10,CUST0095,PROD0012,19339.5,10,6,4044.33,Delivered,UPI
ODR00397,2024-08-28,CUST0151,PROD0012,2727.08,4,29,337.83,Delivered,Credit Card
ODR00398,2025-03-27,CUST0089,PROD0009,2193.76,2,9,142.45,In Transit,Cash
ODR00399,2024-08-26,CUST0110,PROD0005,5009.6,8,29,515.53,In Transit,Credit Card
ODR00400,2025-03-10,CUST0185,PROD0002,658.31,1,1,99.43,Returned,UPI
ODR00401,2025-04-02,CUST0183,PROD0006,659.76,2,8,85.88,In Transit,Net Banking
ODR00402,2024-07-10,CUST0148,PROD0012,2151.03,7,27,378.63,Returned,Credit Card
ODR00403,2024-09-07,CUST0105,PROD0012,809.87,1,30,70.05,Returned,Credit Card
ODR00404,2024-10-19,CUST0186,PROD0006,1478.61,3,27,178.68,Returned,Cash
ODR00405,2024-11-27,CUST0177,PROD0007,1823.5,5,16,347.94,Returned,Credit Card
ODR00406,2025-02-26,CUST0019,PROD0010,15487.1,10,5,3530.67,In Transit,UPI
ODR00407,2024-09-28,CUST0150,PROD0002,2943.81,3,19,291.51,In Transit,Credit Card
ODR00408,2024-11-12,CUST0098,PROD0012,884.9,2,21,128.82,Returned,Cash
ODR00409,2025-01-14,CUST0173,PROD0007,6923.2,8,2,624.34,Delivered,Cash
ODR00410,2024-12-10,CUST0163,PROD0001,10001.82,6,25,1262.75,In Transit,Net Banking
ODR00411,2024-08-23,CUST0128,PROD0008,10358.55,9,5,1155.9,Delivered,Credit Card
ODR00412,2024-10-15,CUST0009,PROD0010,7133.31,9,5,461.08,In Transit,Credit Card
ODR00413,2024-09-19,CUST0007,PROD0010,402.28,1,21,78.58,In Transit,Credit Card
ODR00414,2025-04-08,CUST0059,PROD0004,6086.15,7,6,411.71,Returned,UPI
ODR00415,2025-04-30,CUST0091,PROD0009,4336.44,4,2,393.77,Returned,Credit Card
ODR00416,2024-10-05,CUST0094,PROD0004,13799.25,9,9,963.98,In Transit,Net Banking
ODR00417,2024-10-15,CUST0066,PROD0002,3555.92,4,28,190.25,Delivered,UPI
ODR00418,2025-01-14,CUST0187,PROD0012,1187.64,3,18,104.72,Delivered,Credit Card
ODR00419,2024-08-26,CUST0046,PROD0010,1644.98,2,17,73.59,In Transit,Cash
ODR00420,2024-12-21,CUST0188,PROD0003,5907.76,8,9,391.28,Returned,UPI
ODR00421,2025-01-29,CUST0032,PROD0012,13279.05,9,19,1501.59,Returned,UPI
ODR00422,2024-09-20,CUST0076,PROD0001,799.85,5,21,56.32,Returned,Net Banking
ODR00423,2024-05-22,CUST0143,PROD0002,4185.36,9,27,695.6,Returned,Cash
ODR00424,2024-06-16,CUST0107,PROD0005,809.01,3,20,107.92,Returned,Net Banking
ODR00425,2024-09-19,CUST0189,PROD0011,3162.5,10,9,612.22,Delivered,Net Banking
ODR00426,2024-08-13,CUST0190,PROD0004,1839.52,8,6,372.79,In Transit,Cash
ODR00427,2025-01-15,CUST0037,PROD0012,14450.88,8,23,1507.94,Returned,Cash
ODR00428,2025-01-07,CUST0104,PROD0006,3433.4,4,27,295.5,Delivered,Cash
ODR00429,2024-08-11,CUST0070,PROD0001,1898.12,1,26,215.71,Delivered,Credit Card
ODR00430,2024-07-11,CUST0025,PROD0006,5968.56,3,10,1257.33,Delivered,Credit Card
ODR00431,2024-12-01,CUST0106,PROD0008,3195.22,7,29,439.12,In Transit,Cash
ODR00432,2024-08-07,CUST0071,PROD0008,1828.48,2,15,112.01,Delivered,UPI
ODR00433,2024-05-20,CUST0036,PROD0001,16129.0,10,19,3056.75,In Transit,UPI
ODR00434,2025-04-10,CUST0179,PROD0002,11391.66,9,26,671.2,In Transit,UPI
ODR00435,2025-04-16,CUST0123,PROD0011,3618.7,5,16,578.73,In Transit,Cash
ODR00436,2024-11-06,CUST0096,PROD0005,5355.15,5,14,947.2,In Transit,Credit Card
ODR00437,2025-04-28,CUST0141,PROD0003,3079.56,3,1,437.82,In Transit,Net Banking
ODR00438,2024-11-07,CUST0191,PROD0006,7547.08,4,30,1319.79,In Transit,UPI
ODR00439,2024-11-10,CUST0009,PROD0005,15011.52,8,11,905.87,Returned,UPI
ODR00440,2025-01-07,CUST0192,PROD0012,7821.18,9,11,1140.89,In Transit,Net Banking
ODR00441,2025-04-02,CUST0010,PROD0011,9684.29,7,13,780.24,Delivered,Credit Card
ODR00442,2024-09-13,CUST0026,PROD0006,5386.98,3,8,502.76,Delivered,Cash
ODR00443,2024-11-07,CUST0149,PROD0006,806.29,1,16,53.37,Delivered,Cash
ODR00444,2024-12-24,CUST0124,PROD0003,1989.9,9,6,261.93,Delivered,UPI
ODR00445,2025-04-19,CUST0080,PROD0009,1562.72,8,22,211.59,Returned,Net Banking
ODR00446,2024-08-05,CUST0119,PROD0004,7923.72,6,13,458.29,Returned,UPI
ODR00447,2024-06-02,CUST0030,PROD0011,1859.2,8,3,432.33,In Transit,Credit Card
ODR00448,2024-11-11,CUST0089,PROD0004,1533.83,1,17,280.71,Delivered,Credit Card
ODR00449,2024-10-02,CUST0092,PROD0002,547.46,2,10,107.38,Delivered,Net Banking
ODR00450,2025-03-04,CUST0061,PROD0003,6749.25,5,23,824.83,Delivered,Cash
ODR00451,2025-03-02,CUST0163,PROD0012,2614.72,4,22,410.09,Delivered,UPI
ODR00452,2025-04-06,CUST0109,PROD0012,6753.56,4,20,472.39,Returned,UPI
ODR00453,2024-09-17,CUST0158,PROD0010,6772.96,4,16,798.98,Returned,Net Banking
ODR00454,2024-06-27,CUST0190,PROD0012,10265.58,6,29,798.1,Returned,Cash
ODR00455,2025-01-10,CUST0040,PROD0005,11289.6,7,10,2079.86,Returned,Credit Card
ODR00456,2025-05-01,CUST0162,PROD0010,3249.63,3,6,499.06,In Transit,UPI
ODR00457,2024-06-06,CUST0167,PROD0001,1781.29,1,15,185.71,Delivered,Net Banking
ODR00458,2024-05-14,CUST0001,PROD0012,6193.14,6,13,809.53,Delivered,UPI
ODR00459,2024-10-13,CUST0103,PROD0012,2979.78,3,2,632.73,Returned,Net Banking
ODR00460,2024-11-30,CUST0193,PROD0006,1562.9,1,11,226.19,Delivered,Net Banking
ODR00461,2025-04-10,CUST0072,PROD0001,11724.48,8,21,824.02,In Transit,Credit Card
ODR00462,2025-04-18,CUST0148,PROD0003,6873.28,8,5,942.15,Delivered,Net Banking
ODR00463,2024-12-28,CUST0119,PROD0009,19101.6,10,15,3452.88,In Transit,Credit Card
ODR00464,2025-03-14,CUST0170,PROD0012,1723.88,1,12,216.23,Returned,Cash
ODR00465,2025-04-27,CUST0085,PROD0008,4581.0,10,28,287.27,Delivered,Credit Card
ODR00466,2024-10-22,CUST0034,PROD0007,3902.22,6,3,863.68,Delivered,UPI
ODR00467,2025-02-19,CUST0194,PROD0003,1888.88,7,0,304.52,Returned,Cash
ODR00468,2025-04-23,CUST0151,PROD0008,1120.59,9,16,102.41,Returned,UPI
ODR00469,2024-11-15,CUST0108,PROD0012,3132.08,7,7,669.01,In Transit,Cash
ODR00470,2024-07-25,CUST0028,PROD0001,2402.8,10,19,191.63,Returned,Credit Card
ODR00471,2025-04-16,CUST0043,PROD0007,2426.02,2,27,267.33,In Transit,UPI
ODR00472,2025-03-13,CUST0098,PROD0002,2629.72,2,29,430.2,Returned,Net Banking
ODR00473,2024-12-30,CUST0109,PROD0005,3678.78,7,28,625.55,Returned,Credit Card
ODR00474,2024-12-21,CUST0034,PROD0009,6706.0,7,16,1322.59,Returned,UPI
ODR00475,2025-01-10,CUST0053,PROD0004,11771.37,9,8,554.23,Delivered,Net Banking
ODR00476,2024-09-05,CUST0046,PROD0002,12484.64,8,23,1533.35,In Transit,Cash
ODR00477,2024-08-26,CUST0181,PROD0005,11969.04,8,21,1715.91,Delivered,Credit Card
ODR00478,2024-06-22,CUST0132,PROD0005,15043.5,9,26,1197.47,Delivered,Credit Card
ODR00479,2024-12-16,CUST0013,PROD0007,1383.89,1,29,200.29,In Transit,Cash
ODR00480,2024-06-09,CUST0114,PROD0003,3145.7,2,27,420.84,Returned,UPI
ODR00481,2025-04-12,CUST0091,PROD0011,9973.44,9,3,1481.17,In Transit,Credit Card
ODR00482,2024-12-10,CUST0031,PROD0004,761.84,1,3,166.02,Returned,UPI
ODR00483,2024-07-28,CUST0018,PROD0005,8936.15,5,18,1054.91,Delivered,Cash
ODR00484,2024-09-26,CUST0072,PROD0008,2313.46,2,11,222.39,Returned,Net Banking
ODR00485,2024-07-26,CUST0195,PROD0005,1281.55,5,10,222.4,Delivered,UPI
ODR00486,2024-07-31,CUST0099,PROD0010,530.74,2,26,28.29,In Transit,UPI
ODR00487,2025-01-16,CUST0090,PROD0002,491.79,3,26,87.76,Delivered,Cash
ODR00488,2024-07-15,CUST0118,PROD0012,3736.05,3,18,717.16,Returned,Cash
ODR00489,2025-04-16,CUST0157,PROD0006,7353.8,10,3,455.34,Delivered,UPI
ODR00490,2024-05-31,CUST0130,PROD0004,1414.56,4,16,234.02,Delivered,Cash
ODR00491,2024-09-01,CUST0038,PROD0009,9984.33,9,21,898.2,Returned,Cash
ODR00492,2024-06-08,CUST0068,PROD0009,2103.26,2,25,99.21,Returned,Net Banking
ODR00493,2024-08-21,CUST0105,PROD0010,7538.86,7,13,716.85,In Transit,Net Banking
ODR00494,2024-08-27,CUST0023,PROD0010,2970.4,4,6,386.71,Returned,Credit Card
ODR00495,2024-12-29,CUST0131,PROD0008,5463.93,3,7,754.17,Delivered,Cash
ODR00496,2024-12-20,CUST0194,PROD0011,14389.68,8,20,2077.0,Returned,Credit Card
ODR00497,2025-01-05,CUST0008,PROD0009,4511.71,7,16,356.29,Delivered,Cash
ODR00498,2024-08-27,CUST0196,PROD0008,1581.54,6,27,158.66,In Transit,Cash
ODR00499,2025-03-04,CUST0093,PROD0002,4494.21,3,26,653.81,In Transit,Credit Card
ODR00500,2024-07-06,CUST0053,PROD0010,6534.72,8,1,1102.28,Returned,Net Banking
ODR00501,2024-08-27,CUST0197,PROD0012,6106.1,7,14,1300.79,Delivered,UPI
ODR00502,2024-09-11,CUST0198,PROD0001,2830.18,2,10,175.67,In Transit,Credit Card
ODR00503,2024-08-09,CUST0010,PROD0010,437.66,1,19,67.23,Returned,Net Banking
ODR00504,2025-02-22,CUST0105,PROD0006,749.52,3,29,74.08,In Transit,Net Banking
ODR00505,2025-04-10,CUST0059,PROD0001,8828.0,10,13,497.23,Delivered,Credit Card
ODR00506,2024-10-15,CUST0034,PROD0002,14981.92,8,7,2340.39,Delivered,UPI
ODR00507,2024-08-10,CUST0092,PROD0006,11329.52,8,5,2116.16,Returned,UPI
ODR00508,2025-01-18,CUST0146,PROD0008,9266.88,8,0,1156.1,Delivered,UPI
ODR00509,2024-12-09,CUST0127,PROD0005,272.92,1,28,10.89,Delivered,Cash
ODR00510,2025-03-29,CUST0015,PROD0012,4504.24,8,17,247.2,Returned,Credit Card
ODR00511,2025-05-11,CUST0004,PROD0002,10977.06,6,25,1104.09,Returned,Credit Card
ODR00512,2025-02-12,CUST0095,PROD0011,2171.56,2,13,280.96,Delivered,Net Banking
ODR00513,2025-03-22,CUST0106,PROD0008,11193.66,6,22,1395.31,In Transit,Credit Card
ODR00514,2024-07-27,CUST0152,PROD0006,4010.25,3,26,727.88,Delivered,UPI
ODR00515,2024-07-14,CUST0167,PROD0009,4750.32,4,4,734.25,Returned,Credit Card
ODR00516,2024-10-10,CUST0125,PROD0008,10634.96,7,26,1835.22,Returned,Credit Card
ODR00517,2024-10-01,CUST0063,PROD0009,8077.59,9,14,1715.0,In Transit,Net Banking
ODR00518,2024-08-13,CUST0199,PROD0010,6500.83,7,4,487.42,Returned,Credit Card
ODR00519,2025-04-26,CUST0101,PROD0002,1274.67,1,29,80.58,Delivered,Cash
ODR00520,2024-05-20,CUST0188,PROD0002,691.44,1,7,70.82,Delivered,Net Banking
ODR00521,2024-08-18,CUST0142,PROD0009,4727.04,8,7,897.77,In Transit,Cash
ODR00522,2024-10-22,CUST0200,PROD0009,1537.62,2,16,200.98,In Transit,Credit Card
ODR00523,2024-08-23,CUST0201,PROD0005,1810.43,1,23,137.33,In Transit,Net Banking
ODR00524,2025-04-06,CUST0202,PROD0012,3655.08,6,24,312.4,In Transit,Cash
ODR00525,2024-06-29,CUST0182,PROD0010,13777.2,8,26,1489.44,Returned,Credit Card
ODR00526,2024-06-17,CUST0178,PROD0012,885.69,3,9,163.4,Delivered,Credit Card
ODR00527,2024-06-10,CUST0076,PROD0005,2487.84,3,14,238.19,Delivered,Credit Card
ODR00528,2024-10-16,CUST0198,PROD0001,5495.37,3,23,446.3,In Transit,Credit Card
ODR00529,2024-05-25,CUST0154,PROD0001,1442.88,4,26,102.37,Delivered,Credit Card
ODR00530,2024-09-08,CUST0151,PROD0011,2633.13,3,25,115.07,Delivered,Credit Card
ODR00531,2024-11-12,CUST0033,PROD0012,5779.32,6,22,942.97,Returned,Cash
ODR00532,2025-04-14,CUST0060,PROD0003,7465.05,9,7,1321.87,Returned,UPI
ODR00533,2025-04-08,CUST0131,PROD0007,6946.32,8,9,1002.14,In Transit,Cash
ODR00534,2024-12-24,CUST0080,PROD0009,10411.74,9,8,1770.95,In Transit,Net Banking
ODR00535,2024-12-08,CUST0080,PROD0009,1582.35,7,23,68.91,Returned,Net Banking
ODR00536,2024-11-09,CUST0009,PROD0002,1563.73,7,12,222.25,Delivered,Credit Card
ODR00537,2024-12-24,CUST0091,PROD0004,1193.28,6,24,136.03,Returned,Net Banking
ODR00538,2025-03-01,CUST0122,PROD0010,7703.04,4,9,723.5,Delivered,UPI
ODR00539,2024-10-08,CUST0093,PROD0010,12330.24,8,8,2302.37,Returned,Cash
ODR00540,2025-04-13,CUST0085,PROD0003,11304.72,8,7,1564.3,Delivered,Cash
ODR00541,2025-01-10,CUST0103,PROD0011,3331.86,2,26,357.4,Returned,Net Banking
ODR00542,2024-11-23,CUST0159,PROD0012,7056.28,7,28,488.69,Delivered,Cash
ODR00543,2025-01-09,CUST0166,PROD0001,2086.17,3,3,120.58,Delivered,Credit Card
ODR00544,2024-08-03,CUST0203,PROD0008,837.46,1,25,95.36,In Transit,Credit Card
ODR00545,2024-06-07,CUST0063,PROD0002,7676.41,7,29,1189.11,In Transit,Net Banking
ODR00546,2025-04-23,CUST0173,PROD0004,969.92,2,11,173.87,Delivered,Net Banking
ODR00547,2024-09-15,CUST0042,PROD0003,12568.68,9,1,1653.34,Delivered,Net Banking
ODR00548,2025-02-26,CUST0196,PROD0010,8860.14,6,4,1403.77,In Transit,Cash
ODR00549,2025-03-05,CUST0028,PROD0003,2646.76,2,24,180.54,Returned,Credit Card
ODR00550,2025-02-25,CUST0158,PROD0002,1081.3,5,29,99.58,In Transit,UPI
ODR00551,2024-06-10,CUST0139,PROD0007,17384.4,10,5,1893.67,Returned,Net Banking
ODR00552,2024-07-18,CUST0011,PROD0009,3729.4,4,17,471.29,Delivered,Net Banking
ODR00553,2024-06-18,CUST0185,PROD0004,3866.1,5,27,677.94,Delivered,Credit Card
ODR00554,2024-07-17,CUST0116,PROD0010,1176.28,7,25,140.07,In Transit,Cash
ODR00555,2024-11-19,CUST0160,PROD0009,13053.96,9,1,1666.06,In Transit,Cash
ODR00556,2025-03-03,CUST0056,PROD0006,442.52,1,18,52.32,In Transit,Credit Card
ODR00557,2024-05-18,CUST0145,PROD0007,936.36,2,9,51.62,Delivered,UPI
ODR00558,2025-03-19,CUST0051,PROD0011,1536.12,3,4,214.72,Returned,Net Banking
ODR00559,2024-08-01,CUST0050,PROD0008,3472.4,4,7,314.35,Delivered,Net Banking
ODR00560,2024-06-07,CUST0139,PROD0004,4139.75,5,25,667.72,In Transit,Credit Card
ODR00561,2024-08-13,CUST0012,PROD0004,8556.1,5,19,1058.4,Delivered,Net Banking
ODR00562,2024-11-08,CUST0172,PROD0012,1400.44,4,28,241.99,Delivered,Credit Card
ODR00563,2024-10-02,CUST0193,PROD0003,4545.78,6,7,734.68,In Transit,Credit Card
ODR00564,2025-02-28,CUST0142,PROD0012,1652.52,6,5,316.78,Delivered,UPI
ODR00565,2024-09-20,CUST0091,PROD0008,3630.51,9,5,836.66,In Transit,Credit Card
ODR00566,2024-06-19,CUST0053,PROD0010,1238.2,1,15,66.99,Delivered,Credit Card
ODR00567,2024-07-04,CUST0042,PROD0003,2098.92,6,24,376.02,Returned,UPI
ODR00568,2024-08-01,CUST0168,PROD0009,6905.52,6,21,752.44,Delivered,Credit Card
ODR00569,2025-03-16,CUST0177,PROD0005,12893.86,7,3,1242.29,In Transit,Credit Card
ODR00570,2024-08-09,CUST0014,PROD0007,8175.72,7,30,1221.26,In Transit,UPI
ODR00571,2025-03-14,CUST0182,PROD0001,4367.93,7,9,823.5,Delivered,Net Banking
ODR00572,2024-09-20,CUST0015,PROD0007,10519.28,8,27,757.19,Returned,Net Banking
ODR00573,2024-08-10,CUST0152,PROD0006,1444.83,1,21,76.34,Returned,Credit Card
ODR00574,2024-09-29,CUST0151,PROD0004,3491.76,2,17,338.33,In Transit,Credit Card
ODR00575,2025-02-18,CUST0107,PROD0011,11430.9,6,11,1144.23,In Transit,Credit Card
ODR00576,2024-08-19,CUST0081,PROD0009,3166.76,4,21,516.67,Returned,Credit Card
ODR00577,2025-03-03,CUST0204,PROD0008,856.76,1,15,38.93,Delivered,Cash
ODR00578,2025-04-20,CUST0205,PROD0011,1069.23,1,17,193.82,In Transit,Credit Card
ODR00579,2024-09-08,CUST0170,PROD0007,3036.87,9,4,438.58,Returned,UPI
ODR00580,2025-02-02,CUST0074,PROD0010,4858.23,3,5,404.52,Returned,UPI
ODR00581,2025-04-01,CUST0089,PROD0005,10236.66,6,18,1205.33,Returned,Cash
ODR00582,2024-05-29,CUST0023,PROD0003,2373.07,7,28,384.75,In Transit,Credit Card
ODR00583,2025-05-02,CUST0062,PROD0012,2021.7,3,18,232.18,Returned,Net Banking
ODR00584,2024-09-12,CUST0014,PROD0004,6057.84,8,10,644.24,Returned,Net Banking
ODR00585,2025-02-19,CUST0170,PROD0011,7139.45,5,19,1005.84,Delivered,Cash
ODR00586,2025-02-26,CUST0206,PROD0012,3958.12,2,27,191.19,Delivered,Credit Card
ODR00587,2024-11-12,CUST0036,PROD0004,7614.9,9,14,1454.45,Delivered,Net Banking
ODR00588,2025-01-19,CUST0115,PROD0012,11656.89,9,7,1976.75,In Transit,UPI
ODR00589,2024-08-07,CUST0141,PROD0005,6883.2,4,8,1526.41,Delivered,UPI
ODR00590,2024-12-24,CUST0133,PROD0007,6766.4,8,12,779.13,In Transit,Credit Card
ODR00591,2024-05-20,CUST0012,PROD0012,6433.2,6,25,409.14,Delivered,Credit Card
ODR00592,2025-04-13,CUST0131,PROD0001,1884.54,7,20,248.75,Delivered,Cash
ODR00593,2025-04-04,CUST0158,PROD0010,11388.0,8,5,867.85,Delivered,UPI
ODR00594,2024-08-11,CUST0207,PROD0011,13398.88,8,18,2078.24,Returned,Credit Card
ODR00595,2025-02-27,CUST0175,PROD0001,3769.52,2,6,183.51,In Transit,UPI
ODR00596,2024-07-28,CUST0102,PROD0001,5757.12,8,16,919.56,Returned,Cash
ODR00597,2024-05-16,CUST0172,PROD0001,2788.24,7,7,141.96,Returned,Net Banking
ODR00598,2024-05-24,CUST0208,PROD0011,781.54,1,24,42.9,In Transit,UPI
ODR00599,2024-08-02,CUST0058,PROD0008,10760.54,7,23,2000.97,Returned,Cash
ODR00600,2024-06-13,CUST0165,PROD0002,2020.76,4,4,426.28,In Transit,Cash
ODR00601,2025-02-07,CUST0209,PROD0012,8489.61,9,27,1169.6,Delivered,Credit Card
ODR00602,2024-05-21,CUST0093,PROD0012,2632.42,2,11,233.0,Returned,UPI
ODR00603,2024-05-25,CUST0083,PROD0008,17339.7,10,2,1648.2,Delivered,Net Banking
ODR00604,2024-09-30,CUST0117,PROD0012,1460.66,1,24,270.74,Delivered,Credit Card
ODR00605,2024-12-09,CUST0067,PROD0010,1684.83,7,4,149.69,In Transit,Net Banking
ODR00606,2024-11-13,CUST0047,PROD0004,1716.78,3,6,358.87,In Transit,Cash
ODR00607,2025-04-17,CUST0135,PROD0007,1598.49,1,11,91.21,Delivered,UPI
ODR00608,2024-10-02,CUST0202,PROD0001,5999.95,5,14,1117.85,Delivered,UPI
ODR00609,2024-09-27,CUST0062,PROD0010,6678.0,8,14,1076.36,Returned,Credit Card
ODR00610,2024-12-28,CUST0079,PROD0012,11411.28,6,1,2601.56,Delivered,Net Banking
ODR00611,2024-12-27,CUST0102,PROD0007,2686.46,2,20,109.91,In Transit,UPI
ODR00612,2024-08-03,CUST0150,PROD0010,6493.45,5,27,335.5,In Transit,Credit Card
ODR00613,2024-10-31,CUST0082,PROD0011,961.74,6,19,53.96,Returned,Net Banking
ODR00614,2024-07-29,CUST0133,PROD0011,5743.92,4,13,1236.45,Returned,Net Banking
ODR00615,2024-05-13,CUST0122,PROD0003,4253.7,3,3,818.64,Delivered,UPI
ODR00616,2025-04-21,CUST0082,PROD0002,3986.0,2,24,546.3,Delivered,Cash
ODR00617,2024-06-22,CUST0119,PROD0008,795.3,1,22,143.65,Returned,UPI
ODR00618,2024-06-09,CUST0189,PROD0010,4142.72,8,5,348.36,Delivered,Cash
ODR00619,2024-10-18,CUST0058,PROD0012,2052.88,2,11,284.85,In Transit,Net Banking
ODR00620,2025-04-24,CUST0057,PROD0011,4379.97,7,29,361.35,Returned,Cash
ODR00621,2024-08-27,CUST0195,PROD0011,19417.4,10,23,2752.59,In Transit,UPI
ODR00622,2024-11-30,CUST0121,PROD0006,8662.2,10,28,1372.43,Returned,Cash
ODR00623,2025-04-06,CUST0123,PROD0006,1542.29,1,6,328.41,Returned,Cash
ODR00624,2024-10-31,CUST0003,PROD0004,3257.82,9,15,212.09,Returned,UPI
ODR00625,2024-06-11,CUST0207,PROD0003,3457.2,5,22,259.34,In Transit,Net Banking
ODR00626,2025-01-30,CUST0001,PROD0007,5518.32,4,19,785.52,Returned,Credit Card
ODR00627,2025-02-03,CUST0173,PROD0010,4429.28,8,12,800.15,Delivered,Credit Card
ODR00628,2024-08-01,CUST0070,PROD0007,1295.57,1,12,72.48,Returned,Net Banking
ODR00629,2024-11-17,CUST0112,PROD0002,4256.2,5,25,579.57,Delivered,UPI
ODR00630,2024-10-15,CUST0186,PROD0004,11003.44,7,13,1129.87,Returned,Cash
ODR00631,2024-12-05,CUST0169,PROD0011,4075.35,5,6,417.64,Returned,Cash
ODR00632,2024-11-26,CUST0176,PROD0003,1748.1,5,27,67.69,Delivered,Net Banking
ODR00633,2024-08-22,CUST0041,PROD0003,5792.5,10,16,624.83,Returned,Credit Card
ODR00634,2024-06-18,CUST0055,PROD0011,16064.5,10,14,2814.72,In Transit,Net Banking
ODR00635,2024-12-14,CUST0132,PROD0003,4338.24,4,25,478.99,In Transit,Credit Card
ODR00636,2024-06-22,CUST0185,PROD0004,1541.85,1,26,92.36,In Transit,Net Banking
ODR00637,2024-05-21,CUST0066,PROD0002,1259.86,7,11,152.04,Returned,Cash
ODR00638,2025-03-30,CUST0057,PROD0008,1962.14,1,16,342.14,Delivered,Net Banking
ODR00639,2025-01-14,CUST0156,PROD0007,1836.3,6,3,205.32,Returned,Cash
ODR00640,2024-10-16,CUST0201,PROD0001,2857.02,6,14,588.44,In Transit,Cash
ODR00641,2024-08-20,CUST0194,PROD0002,3438.66,2,26,335.2,In Transit,Cash
ODR00642,2024-11-21,CUST0204,PROD0001,3167.46,6,20,321.82,Delivered,Net Banking
ODR00643,2025-03-28,CUST0099,PROD0006,4706.64,4,22,284.01,Delivered,Cash
ODR00644,2024-12-13,CUST0025,PROD0004,3504.84,4,14,196.8,Returned,UPI
ODR00645,2025-05-09,CUST0148,PROD0002,8740.72,8,17,506.29,Returned,Credit Card
ODR00646,2024-12-09,CUST0123,PROD0006,3478.44,3,8,653.05,Delivered,Cash
ODR00647,2025-03-21,CUST0166,PROD0003,5088.42,3,8,326.14,Returned,Credit Card
ODR00648,2025-01-19,CUST0067,PROD0005,1832.31,3,12,290.74,Returned,Cash
ODR00649,2024-10-03,CUST0140,PROD0005,794.83,1,11,173.66,Delivered,Credit Card
ODR00650,2025-02-23,CUST0177,PROD0009,959.22,6,17,133.4,In Transit,Credit Card
ODR00651,2025-03-28,CUST0210,PROD0004,519.83,1,15,70.46,In Transit,Credit Card
ODR00652,2025-04-26,CUST0143,PROD0005,1648.8,10,4,140.06,In Transit,UPI
ODR00653,2024-06-16,CUST0026,PROD0007,11750.76,6,9,1978.88,In Transit,Cash
ODR00654,2024-08-28,CUST0110,PROD0007,2755.54,2,18,218.5,Delivered,Credit Card
ODR00655,2024-11-26,CUST0018,PROD0005,11043.09,9,16,573.4,Delivered,Credit Card
ODR00656,2024-08-19,CUST0041,PROD0011,2290.83,3,9,187.52,In Transit,Credit Card
ODR00657,2025-02-13,CUST0044,PROD0005,3224.28,6,11,413.26,In Transit,Net Banking
ODR00658,2025-05-09,CUST0051,PROD0003,15193.6,10,27,1693.93,Delivered,Net Banking
ODR00659,2024-05-26,CUST0052,PROD0009,4082.94,9,7,803.66,Returned,Net Banking
ODR00660,2024-12-01,CUST0063,PROD0009,17802.45,9,6,3892.55,Delivered,Cash
ODR00661,2024-09-21,CUST0023,PROD0006,7840.32,4,22,499.78,Returned,Credit Card
ODR00662,2025-03-24,CUST0014,PROD0009,11398.16,8,15,1723.1,Returned,UPI
ODR00663,2024-06-17,CUST0211,PROD0010,4837.5,10,2,256.85,Delivered,Cash
ODR00664,2024-11-14,CUST0076,PROD0003,3542.05,5,7,521.68,Delivered,Net Banking
ODR00665,2025-01-23,CUST0156,PROD0001,740.57,1,2,160.55,Delivered,Credit Card
ODR00666,2025-04-17,CUST0145,PROD0007,3839.38,2,4,893.26,In Transit,Net Banking
ODR00667,2025-03-03,CUST0041,PROD0006,12652.32,8,25,1349.14,Returned,Net Banking
ODR00668,2025-02-28,CUST0157,PROD0011,3580.86,3,12,510.73,Delivered,Cash
ODR00669,2024-08-17,CUST0115,PROD0007,870.48,3,22,74.24,In Transit,Credit Card
ODR00670,2024-06-16,CUST0010,PROD0002,7080.0,10,12,839.27,Delivered,UPI
ODR00671,2024-07-19,CUST0089,PROD0001,3597.22,2,2,501.27,In Transit,Credit Card
ODR00672,2024-09-26,CUST0194,PROD0006,2567.1,2,3,465.37,Delivered,Cash
ODR00673,2024-06-16,CUST0026,PROD0005,10719.06,6,18,1665.32,In Transit,Credit Card
ODR00674,2024-07-30,CUST0203,PROD0006,7946.1,10,27,799.37,In Transit,UPI
ODR00675,2025-02-27,CUST0135,PROD0012,800.15,1,29,74.14,In Transit,Net Banking
ODR00676,2024-12-05,CUST0079,PROD0008,1962.31,7,17,88.93,Returned,UPI
ODR00677,2024-09-17,CUST0154,PROD0003,5341.23,3,18,588.93,Returned,UPI
ODR00678,2025-01-19,CUST0209,PROD0004,4656.35,5,18,293.39,Delivered,Net Banking
ODR00679,2025-03-09,CUST0129,PROD0003,2345.22,2,17,472.29,Delivered,UPI
ODR00680,2024-11-26,CUST0127,PROD0004,2666.49,3,3,300.47,Returned,Credit Card
ODR00681,2024-09-03,CUST0061,PROD0002,541.16,4,7,53.38,In Transit,UPI
ODR00682,2025-05-05,CUST0053,PROD0008,2959.17,3,22,179.4,In Transit,Credit Card
ODR00683,2025-02-21,CUST0142,PROD0011,12937.6,10,9,910.9,Returned,Credit Card
ODR00684,2025-04-14,CUST0139,PROD0011,11775.9,6,27,1197.94,In Transit,Net Banking
ODR00685,2025-03-30,CUST0056,PROD0006,5024.08,4,13,705.7,Delivered,Cash
ODR00686,2024-11-26,CUST0212,PROD0003,9625.52,8,3,539.09,Returned,Cash
ODR00687,2025-02-14,CUST0055,PROD0011,727.42,1,12,55.51,In Transit,Cash
ODR00688,2024-07-12,CUST0046,PROD0010,318.62,2,16,44.92,Returned,Credit Card
ODR00689,2024-06-19,CUST0033,PROD0008,4790.08,4,9,262.1,Returned,UPI
ODR00690,2024-10-06,CUST0154,PROD0010,13613.46,7,17,2292.65,Delivered,Credit Card
ODR00691,2024-11-01,CUST0025,PROD0011,1723.04,4,9,363.38,In Transit,UPI
ODR00692,2024-08-01,CUST0130,PROD0004,17058.6,9,23,1184.94,Returned,Credit Card
ODR00693,2024-06-03,CUST0003,PROD0006,11789.61,7,18,876.45,Returned,Net Banking
ODR00694,2025-01-20,CUST0130,PROD0003,5344.32,3,12,659.67,In Transit,Credit Card
ODR00695,2024-12-27,CUST0107,PROD0005,605.1,5,21,55.69,In Transit,Cash
ODR00696,2025-04-08,CUST0136,PROD0011,6667.57,7,8,989.97,Delivered,UPI
ODR00697,2025-02-25,CUST0030,PROD0001,5276.11,7,10,675.83,Returned,UPI
ODR00698,2024-08-06,CUST0155,PROD0008,9638.65,7,21,1586.64,Delivered,Cash
ODR00699,2025-04-05,CUST0008,PROD0004,6034.68,6,17,946.33,Returned,UPI
ODR00700,2025-02-03,CUST0161,PROD0002,2456.86,7,1,226.08,Delivered,UPI
ODR00701,2024-09-16,CUST0072,PROD0002,8436.33,7,5,1680.98,Returned,Credit Card
ODR00702,2024-05-28,CUST0123,PROD0009,1277.92,2,6,182.53,Returned,Cash
ODR00703,2025-04-25,CUST0029,PROD0010,6384.69,9,21,305.61,Delivered,Net Banking
ODR00704,2024-08-17,CUST0016,PROD0011,2963.08,2,6,690.45,Delivered,Net Banking
ODR00705,2025-02-11,CUST0069,PROD0004,7077.76,8,28,794.85,Delivered,Net Banking
ODR00706,2025-01-11,CUST0165,PROD0011,1605.16,1,19,300.94,Returned,Credit Card
ODR00707,2025-05-05,CUST0213,PROD0010,2792.44,2,12,500.35,Delivered,Net Banking
ODR00708,2024-10-09,CUST0136,PROD0008,9324.4,10,6,1754.87,Returned,Net Banking
ODR00709,2025-04-06,CUST0099,PROD0003,6054.3,5,11,502.63,Delivered,UPI
ODR00710,2025-03-21,CUST0133,PROD0001,14239.04,8,24,552.21,Delivered,Cash
ODR00711,2025-03-26,CUST0089,PROD0008,19512.6,10,18,1091.53,Returned,Net Banking
ODR00712,2025-01-02,CUST0161,PROD0006,7368.66,6,28,983.75,Returned,UPI
ODR00713,2025-03-06,CUST0076,PROD0011,7462.08,4,25,805.92,Delivered,Net Banking
ODR00714,2024-08-08,CUST0174,PROD0006,4548.18,3,16,399.48,Delivered,Net Banking
ODR00715,2025-03-04,CUST0210,PROD0010,1063.07,1,26,111.51,Delivered,Net Banking
ODR00716,2025-01-26,CUST0101,PROD0002,3950.3,10,11,200.27,In Transit,UPI
ODR00717,2024-05-12,CUST0160,PROD0004,14664.69,9,6,1909.54,Delivered,Net Banking
ODR00718,2025-03-25,CUST0043,PROD0002,2766.74,2,13,495.67,In Transit,Credit Card
ODR00719,2024-06-30,CUST0197,PROD0003,7824.04,7,28,611.62,Delivered,UPI
ODR00720,2025-03-13,CUST0016,PROD0010,5342.88,4,11,1116.14,In Transit,Net Banking
ODR00721,2025-04-06,CUST0206,PROD0003,3960.99,3,11,296.75,Returned,Cash
ODR00722,2025-05-10,CUST0018,PROD0008,2156.67,3,29,340.33,Returned,UPI
ODR00723,2025-03-15,CUST0027,PROD0008,7058.6,5,20,955.66,Delivered,Cash
ODR00724,2024-11-21,CUST0020,PROD0006,11275.38,9,9,820.54,In Transit,Net Banking
ODR00725,2025-04-22,CUST0086,PROD0010,10349.52,8,10,1020.26,Delivered,Credit Card
ODR00726,2024-05-18,CUST0070,PROD0008,1365.84,7,0,169.1,In Transit,Net Banking
ODR00727,2024-06-16,CUST0071,PROD0009,9685.6,5,23,1117.09,In Transit,Net Banking
ODR00728,2025-03-25,CUST0212,PROD0010,1841.97,1,0,141.38,Returned,Cash
ODR00729,2024-08-26,CUST0143,PROD0011,16761.3,10,3,1467.37,In Transit,Cash
ODR00730,2024-09-13,CUST0132,PROD0004,5697.0,3,25,486.23,Returned,UPI
ODR00731,2024-10-10,CUST0214,PROD0009,6520.08,6,5,469.73,In Transit,UPI
ODR00732,2024-08-21,CUST0034,PROD0008,8746.3,5,21,928.17,In Transit,Cash
ODR00733,2025-04-04,CUST0215,PROD0004,3774.06,3,29,460.27,In Transit,Net Banking
ODR00734,2024-07-30,CUST0177,PROD0007,6311.3,10,22,1188.54,Returned,Net Banking
ODR00735,2024-08-16,CUST0208,PROD0010,8120.0,5,25,1381.16,Returned,Net Banking
ODR00736,2024-10-10,CUST0201,PROD0009,945.72,4,9,179.14,In Transit,UPI
ODR00737,2024-12-23,CUST0006,PROD0007,12494.8,8,21,1633.95,In Transit,UPI
ODR00738,2024-06-06,CUST0086,PROD0003,13088.08,8,7,864.94,Returned,Net Banking
ODR00739,2024-12-18,CUST0155,PROD0008,9505.4,10,20,1412.52,Returned,UPI
ODR00740,2024-05-22,CUST0021,PROD0010,10082.43,9,21,442.02,Delivered,Net Banking
ODR00741,2024-07-13,CUST0174,PROD0003,906.55,1,11,141.61,Returned,Net Banking
ODR00742,2025-03-03,CUST0127,PROD0009,15569.73,9,2,1936.89,In Transit,Net Banking
ODR00743,2024-10-03,CUST0216,PROD0005,16686.4,10,29,1598.71,Returned,Net Banking
ODR00744,2024-06-13,CUST0141,PROD0005,2118.96,6,14,195.79,Returned,UPI
ODR00745,2025-01-08,CUST0131,PROD0001,2815.68,3,10,602.45,Delivered,Cash
ODR00746,2025-02-05,CUST0217,PROD0011,4671.04,4,21,809.44,Returned,Credit Card
ODR00747,2024-12-26,CUST0177,PROD0010,1778.04,6,4,234.19,Delivered,Credit Card
ODR00748,2024-06-18,CUST0096,PROD0006,12463.15,7,2,945.75,Returned,Net Banking
ODR00749,2024-07-08,CUST0028,PROD0007,4602.57,3,26,651.08,Delivered,Net Banking
ODR00750,2024-12-15,CUST0175,PROD0006,8567.25,5,25,1075.51,Returned,UPI
ODR00751,2024-12-15,CUST0071,PROD0001,1196.86,2,9,106.43,Delivered,Credit Card
ODR00752,2024-08-10,CUST0060,PROD0002,5192.73,9,25,227.88,In Transit,UPI
ODR00753,2025-05-09,CUST0069,PROD0011,13622.13,9,8,3065.99,In Transit,Cash
ODR00754,2024-12-23,CUST0192,PROD0009,17284.1,10,21,3043.46,Returned,Cash
ODR00755,2024-05-26,CUST0192,PROD0010,1062.85,1,25,102.68,Returned,Credit Card
ODR00756,2024-06-10,CUST0185,PROD0004,6195.9,6,18,852.86,In Transit,Credit Card
ODR00757,2024-09-15,CUST0056,PROD0005,4253.52,3,27,297.99,Returned,Net Banking
ODR00758,2024-08-22,CUST0144,PROD0002,6102.92,4,25,553.42,Delivered,UPI
ODR00759,2025-04-26,CUST0081,PROD0010,11149.98,6,28,550.69,Returned,Cash
ODR00760,2024-08-08,CUST0032,PROD0009,18614.4,10,21,3359.62,Delivered,Credit Card
ODR00761,2024-11-28,CUST0159,PROD0004,2791.88,4,5,326.77,In Transit,Net Banking
ODR00762,2025-01-10,CUST0172,PROD0011,4522.68,6,0,294.75,Returned,UPI
ODR00763,2024-11-30,CUST0096,PROD0007,10717.36,8,27,776.96,In Transit,UPI
ODR00764,2025-03-14,CUST0181,PROD0011,2928.16,2,21,262.06,In Transit,UPI
ODR00765,2024-07-08,CUST0179,PROD0012,6467.55,5,3,444.3,In Transit,Net Banking
ODR00766,2024-08-27,CUST0159,PROD0004,2542.05,3,4,346.02,In Transit,Credit Card
ODR00767,2024-12-28,CUST0004,PROD0001,9668.5,10,5,856.08,Returned,Net Banking
ODR00768,2024-12-29,CUST0156,PROD0002,16881.48,9,15,2096.96,Delivered,Cash
ODR00769,2025-04-09,CUST0035,PROD0004,5009.24,4,27,780.02,Returned,Credit Card
ODR00770,2025-04-14,CUST0211,PROD0012,7640.78,7,29,829.5,Delivered,Cash
ODR00771,2025-03-16,CUST0030,PROD0006,11262.24,8,26,733.61,Returned,Cash
ODR00772,2025-02-26,CUST0203,PROD0010,2918.64,6,27,174.34,Delivered,Net Banking
ODR00773,2024-09-21,CUST0193,PROD0010,976.08,6,12,44.68,Returned,Credit Card
ODR00774,2025-04-25,CUST0101,PROD0006,2285.88,4,5,425.77,In Transit,Credit Card
ODR00775,2024-06-05,CUST0115,PROD0011,2272.27,7,3,347.48,Delivered,Credit Card
ODR00776,2024-07-03,CUST0206,PROD0005,5561.43,3,27,570.2,Returned,UPI
ODR00777,2024-08-13,CUST0081,PROD0004,2975.28,2,13,570.05,In Transit,UPI
ODR00778,2024-11-30,CUST0164,PROD0006,11932.83,7,5,1583.17,Returned,UPI
ODR00779,2024-11-13,CUST0094,PROD0008,10058.72,7,3,749.4,Returned,Net Banking
ODR00780,2025-01-01,CUST0053,PROD0004,1005.37,1,25,104.35,In Transit,Credit Card
ODR00781,2024-08-06,CUST0108,PROD0011,1281.24,4,5,117.17,In Transit,Cash
ODR00782,2024-09-09,CUST0024,PROD0012,8910.75,5,29,835.33,Returned,Net Banking
ODR00783,2024-11-13,CUST0136,PROD0009,9302.3,10,1,1993.84,In Transit,Net Banking
ODR00784,2025-01-26,CUST0080,PROD0008,5747.82,6,27,556.46,Delivered,Net Banking
ODR00785,2024-11-28,CUST0199,PROD0003,1848.78,6,0,237.59,Returned,Net Banking
ODR00786,2025-04-09,CUST0057,PROD0007,1089.54,3,4,93.64,Delivered,Credit Card
ODR00787,2024-10-22,CUST0053,PROD0009,6915.87,9,5,563.84,Delivered,UPI
ODR00788,2024-09-21,CUST0111,PROD0009,8697.36,6,17,1283.9,In Transit,UPI
ODR00789,2024-06-27,CUST0097,PROD0005,1718.18,2,25,306.25,In Transit,Net Banking
ODR00790,2024-11-03,CUST0016,PROD0011,16347.8,10,10,1663.24,Delivered,Credit Card
ODR00791,2024-08-18,CUST0003,PROD0003,7855.68,4,26,554.11,Delivered,Credit Card
ODR00792,2025-03-31,CUST0218,PROD0005,5458.65,3,26,736.14,Delivered,UPI
ODR00793,2024-08-23,CUST0046,PROD0011,820.72,4,9,180.26,In Transit,Cash
ODR00794,2025-04-25,CUST0130,PROD0006,4884.16,4,10,386.71,Returned,UPI
ODR00795,2024-08-02,CUST0053,PROD0008,2843.84,4,9,336.82,In Transit,Cash
ODR00796,2024-09-13,CUST0105,PROD0007,2487.78,6,15,374.55,Delivered,Credit Card
ODR00797,2024-06-27,CUST0019,PROD0011,8350.3,5,0,869.55,Returned,Net Banking
ODR00798,2024-12-23,CUST0040,PROD0006,15735.33,9,7,2157.83,In Transit,Net Banking
ODR00799,2024-07-25,CUST0219,PROD0007,2906.24,2,23,327.16,Returned,Cash
ODR00800,2024-10-25,CUST0044,PROD0011,2712.18,2,20,399.0,Returned,Credit Card
ODR00801,2024-10-22,CUST0091,PROD0006,4983.6,6,20,908.04,In Transit,Cash
ODR00802,2025-03-15,CUST0098,PROD0010,1311.39,3,20,95.24,In Transit,Net Banking
ODR00803,2024-10-30,CUST0108,PROD0009,763.32,4,17,68.72,Delivered,Net Banking
ODR00804,2024-11-08,CUST0142,PROD0012,867.27,1,18,140.68,Returned,Credit Card
ODR00805,2024-11-06,CUST0101,PROD0002,5939.46,6,21,352.18,Returned,Net Banking
ODR00806,2024-08-29,CUST0136,PROD0010,13483.12,8,30,2114.42,Returned,Cash
ODR00807,2024-06-25,CUST0056,PROD0001,5071.02,6,18,841.74,Delivered,Net Banking
ODR00808,2024-09-26,CUST0194,PROD0007,1495.69,1,17,279.8,In Transit,Net Banking
ODR00809,2024-11-04,CUST0197,PROD0001,6508.7,5,25,335.09,Delivered,Credit Card
ODR00810,2025-04-17,CUST0013,PROD0002,1041.81,7,15,146.04,Returned,Net Banking
ODR00811,2024-06-23,CUST0210,PROD0005,3976.59,3,16,577.5,Delivered,Net Banking
ODR00812,2024-06-14,CUST0144,PROD0005,2747.7,2,5,519.14,Delivered,Cash
ODR00813,2024-06-02,CUST0064,PROD0009,2332.68,6,14,137.13,Delivered,Cash
ODR00814,2025-02-10,CUST0066,PROD0002,5194.5,10,25,199.22,Delivered,Net Banking
ODR00815,2025-01-24,CUST0168,PROD0012,4929.19,7,11,955.68,Delivered,UPI
ODR00816,2024-09-02,CUST0018,PROD0001,1587.18,6,12,274.35,Returned,Cash
ODR00817,2024-10-21,CUST0118,PROD0008,3225.0,2,12,648.48,Delivered,Cash
ODR00818,2024-08-10,CUST0169,PROD0004,13721.54,7,12,2122.98,In Transit,Credit Card
ODR00819,2025-04-13,CUST0218,PROD0004,12752.6,7,17,2130.57,Returned,Credit Card
ODR00820,2025-03-18,CUST0125,PROD0001,5371.96,4,15,737.69,In Transit,Net Banking
ODR00821,2024-07-02,CUST0220,PROD0008,12371.76,9,8,1010.97,Returned,UPI
ODR00822,2024-05-21,CUST0157,PROD0012,3975.35,5,29,474.95,In Transit,Credit Card
ODR00823,2024-11-24,CUST0099,PROD0005,4039.7,5,25,226.87,In Transit,UPI
ODR00824,2024-11-28,CUST0184,PROD0008,330.18,2,29,42.83,Returned,UPI
ODR00825,2024-10-17,CUST0132,PROD0006,12039.48,9,2,2484.97,In Transit,Credit Card
ODR00826,2024-11-17,CUST0116,PROD0006,628.98,2,14,84.47,Delivered,Cash
ODR00827,2025-02-03,CUST0217,PROD0009,10712.97,9,14,2237.8,In Transit,Net Banking
ODR00828,2024-12-11,CUST0198,PROD0004,1656.48,6,29,82.31,In Transit,Credit Card
ODR00829,2024-12-27,CUST0082,PROD0011,8279.85,5,3,1425.47,Delivered,Credit Card
ODR00830,2025-01-11,CUST0120,PROD0003,7192.14,6,19,727.52,Returned,Cash
ODR00831,2024-05-31,CUST0092,PROD0008,2520.3,2,18,262.43,Returned,Credit Card
ODR00832,2025-03-08,CUST0060,PROD0006,3159.51,3,3,170.0,In Transit,Credit Card
ODR00833,2024-05-26,CUST0036,PROD0003,1567.68,3,17,78.71,In Transit,Credit Card
ODR00834,2024-06-24,CUST0116,PROD0003,3507.18,6,23,489.59,Delivered,Credit Card
ODR00835,2024-10-25,CUST0104,PROD0003,6779.04,6,5,422.15,Delivered,Net Banking
ODR00836,2025-04-01,CUST0199,PROD0002,1188.78,2,10,81.67,Returned,UPI
ODR00837,2024-07-31,CUST0019,PROD0002,6671.43,9,27,796.8,In Transit,UPI
ODR00838,2024-10-18,CUST0177,PROD0010,3274.08,8,14,437.36,Returned,Net Banking
ODR00839,2024-08-14,CUST0122,PROD0005,6254.0,4,11,890.82,Delivered,Net Banking
ODR00840,2024-06-13,CUST0184,PROD0009,3457.88,4,30,276.37,Delivered,Credit Card
ODR00841,2024-08-16,CUST0157,PROD0005,2268.14,7,6,249.14,Returned,Credit Card
ODR00842,2025-02-01,CUST0037,PROD0007,1266.57,9,20,160.6,Returned,UPI
ODR00843,2024-09-23,CUST0051,PROD0007,701.7,2,6,35.25,In Transit,Credit Card
ODR00844,2024-11-11,CUST0131,PROD0009,1194.87,1,13,151.02,Delivered,UPI
ODR00845,2024-07-01,CUST0047,PROD0001,7021.05,5,15,1264.83,In Transit,Net Banking
ODR00846,2024-10-09,CUST0182,PROD0004,1005.06,1,29,46.25,Delivered,UPI
ODR00847,2024-12-02,CUST0218,PROD0003,8064.6,6,1,1365.38,In Transit,Cash
ODR00848,2024-09-10,CUST0209,PROD0010,5198.24,8,9,722.81,Returned,Cash
ODR00849,2024-05-18,CUST0149,PROD0012,8254.89,9,10,688.09,In Transit,Cash
ODR00850,2024-06-01,CUST0081,PROD0011,16609.3,10,30,2503.6,Returned,UPI
ODR00851,2024-08-05,CUST0055,PROD0006,10279.98,9,28,482.3,In Transit,Net Banking
ODR00852,2024-09-26,CUST0126,PROD0006,1683.09,3,26,270.97,In Transit,UPI
ODR00853,2025-01-22,CUST0031,PROD0010,16597.8,10,16,2692.54,Delivered,Credit Card
ODR00854,2025-03-29,CUST0164,PROD0008,1801.34,2,30,110.46,Returned,Cash
ODR00855,2024-10-21,CUST0152,PROD0002,5823.96,4,16,992.09,Returned,Credit Card
ODR00856,2024-07-02,CUST0122,PROD0009,11546.76,6,19,1813.43,In Transit,Credit Card
ODR00857,2025-04-01,CUST0166,PROD0010,8941.41,9,30,694.19,Delivered,UPI
ODR00858,2024-08-17,CUST0056,PROD0005,515.98,1,13,47.68,Returned,Credit Card
ODR00859,2024-06-02,CUST0169,PROD0001,2846.58,2,22,549.18,Delivered,UPI
ODR00860,2024-12-28,CUST0129,PROD0003,9961.12,8,24,1052.79,Delivered,Credit Card
ODR00861,2024-05-15,CUST0216,PROD0008,548.46,1,24,22.49,Delivered,Net Banking
ODR00862,2025-04-29,CUST0020,PROD0010,1897.2,10,11,341.0,Returned,Credit Card
ODR00863,2024-06-28,CUST0141,PROD0004,1264.75,5,10,235.03,Returned,Credit Card
ODR00864,2025-01-13,CUST0160,PROD0011,1582.74,1,27,145.09,Returned,UPI
ODR00865,2024-10-10,CUST0017,PROD0003,5842.92,4,15,1196.26,Returned,Cash
ODR00866,2024-06-24,CUST0161,PROD0005,3775.83,3,28,645.46,Returned,Credit Card
ODR00867,2024-08-04,CUST0187,PROD0002,15228.0,9,17,2050.68,Returned,Cash
ODR00868,2024-07-30,CUST0125,PROD0010,11171.84,8,1,2236.56,Delivered,UPI
ODR00869,2024-05-16,CUST0069,PROD0005,10296.24,6,28,1243.85,In Transit,UPI
ODR00870,2024-06-01,CUST0194,PROD0003,6321.07,7,11,556.62,Delivered,Credit Card
ODR00871,2024-07-28,CUST0087,PROD0004,7489.3,10,8,1147.53,In Transit,Credit Card
ODR00872,2025-03-10,CUST0138,PROD0004,2180.28,4,14,208.99,Returned,Cash
ODR00873,2024-12-03,CUST0176,PROD0001,3084.66,9,14,645.59,Delivered,UPI
ODR00874,2024-05-19,CUST0011,PROD0011,2533.16,7,22,258.1,Delivered,Net Banking
ODR00875,2025-04-07,CUST0154,PROD0005,14603.13,9,9,1017.9,Delivered,Credit Card
ODR00876,2024-07-27,CUST0093,PROD0007,6008.84,4,18,666.36,Delivered,UPI
ODR00877,2024-12-29,CUST0210,PROD0003,4860.45,5,2,935.8,In Transit,Cash
ODR00878,2025-03-18,CUST0133,PROD0012,9004.94,7,5,1330.41,Delivered,UPI
ODR00879,2025-04-12,CUST0156,PROD0007,1773.02,2,28,254.55,Delivered,Cash
ODR00880,2025-01-31,CUST0012,PROD0004,4637.24,4,8,555.18,Delivered,Credit Card
ODR00881,2025-01-20,CUST0176,PROD0003,3497.46,6,17,520.75,In Transit,Cash
ODR00882,2024-12-15,CUST0057,PROD0010,2838.0,10,6,219.38,Delivered,Net Banking
ODR00883,2024-10-26,CUST0184,PROD0001,7165.65,5,29,903.11,In Transit,Cash
ODR00884,2024-08-06,CUST0010,PROD0009,15267.52,8,5,1279.61,In Transit,Net Banking
ODR00885,2024-07-12,CUST0102,PROD0001,1977.18,2,16,93.63,In Transit,Cash
ODR00886,2025-05-01,CUST0111,PROD0006,6201.7,5,15,1298.62,Delivered,Net Banking
ODR00887,2024-05-21,CUST0148,PROD0006,3568.92,6,19,234.81,In Transit,Credit Card
ODR00888,2024-06-26,CUST0101,PROD0004,6698.4,10,22,1088.74,Delivered,UPI
ODR00889,2024-09-28,CUST0089,PROD0004,8369.76,6,2,434.92,In Transit,Net Banking
ODR00890,2024-08-09,CUST0073,PROD0007,1410.56,4,17,177.21,In Transit,UPI
ODR00891,2025-04-19,CUST0097,PROD0010,170.18,1,27,22.09,Returned,UPI
ODR00892,2025-03-15,CUST0056,PROD0001,1095.84,9,21,148.99,In Transit,Cash
ODR00893,2025-02-03,CUST0096,PROD0003,871.26,3,12,166.77,In Transit,Cash
ODR00894,2025-05-10,CUST0020,PROD0012,822.07,1,27,62.91,In Transit,Cash
ODR00895,2024-07-22,CUST0189,PROD0012,3441.33,9,6,782.56,Delivered,Net Banking
ODR00896,2025-01-24,CUST0211,PROD0005,1200.55,1,3,172.11,Returned,Net Banking
ODR00897,2024-11-12,CUST0184,PROD0007,3094.84,7,10,416.86,Returned,Cash
ODR00898,2025-03-12,CUST0145,PROD0007,5350.59,7,11,1184.03,Delivered,Credit Card
ODR00899,2024-05-19,CUST0040,PROD0005,17243.37,9,17,2074.28,Returned,Cash
ODR00900,2024-12-19,CUST0010,PROD0007,424.17,3,13,76.23,Returned,Cash
ODR00901,2025-02-02,CUST0045,PROD0002,3233.76,3,22,476.6,Delivered,Cash
ODR00902,2024-09-01,CUST0156,PROD0001,3606.3,5,23,322.92,In Transit,Cash
ODR00903,2024-08-03,CUST0156,PROD0003,997.18,1,2,183.03,In Transit,UPI
ODR00904,2025-04-16,CUST0013,PROD0001,10171.04,8,0,1221.69,In Transit,Cash
ODR00905,2024-12-16,CUST0134,PROD0003,1274.55,5,13,230.44,In Transit,Credit Card
ODR00906,2024-12-16,CUST0210,PROD0010,7379.0,10,29,818.96,In Transit,Credit Card
ODR00907,2024-09-06,CUST0040,PROD0006,6047.4,6,8,796.14,Delivered,Credit Card
ODR00908,2024-11-19,CUST0074,PROD0001,904.52,4,19,108.23,Delivered,Credit Card
ODR00909,2025-04-09,CUST0108,PROD0004,6434.0,4,5,563.72,Delivered,Net Banking
ODR00910,2025-05-04,CUST0079,PROD0008,10950.03,7,14,1930.27,Delivered,Cash
ODR00911,2025-02-28,CUST0092,PROD0007,5807.97,9,16,248.42,Delivered,Net Banking
ODR00912,2025-03-03,CUST0004,PROD0012,2017.1,10,23,225.15,In Transit,Cash
ODR00913,2024-12-29,CUST0125,PROD0010,8688.33,7,0,569.9,In Transit,Credit Card
ODR00914,2024-06-10,CUST0022,PROD0005,9049.5,10,9,751.97,Delivered,Cash
ODR00915,2024-06-10,CUST0079,PROD0001,13887.52,8,10,889.19,In Transit,Credit Card
ODR00916,2025-01-13,CUST0072,PROD0008,1412.78,2,27,133.56,Returned,Net Banking
ODR00917,2024-08-29,CUST0109,PROD0002,8595.36,6,12,1266.48,In Transit,UPI
ODR00918,2024-05-28,CUST0216,PROD0002,4603.2,8,13,538.96,In Transit,Net Banking
ODR00919,2025-03-29,CUST0044,PROD0012,7423.3,10,23,692.83,In Transit,Credit Card
ODR00920,2025-02-06,CUST0083,PROD0005,6911.44,8,24,1287.47,In Transit,Net Banking
ODR00921,2025-04-30,CUST0060,PROD0001,5355.98,7,16,491.6,Returned,UPI
ODR00922,2024-07-25,CUST0147,PROD0003,1129.52,1,7,213.39,Delivered,UPI
ODR00923,2024-11-15,CUST0105,PROD0001,3572.13,3,6,625.67,Returned,UPI
ODR00924,2025-03-28,CUST0008,PROD0001,3581.0,5,10,589.19,In Transit,UPI
ODR00925,2024-07-23,CUST0060,PROD0010,4371.39,9,23,677.41,Returned,Credit Card
ODR00926,2024-09-11,CUST0091,PROD0007,6161.6,10,29,627.5,Returned,Net Banking
ODR00927,2024-12-23,CUST0007,PROD0006,14756.5,10,11,767.39,In Transit,Cash
ODR00928,2024-09-18,CUST0113,PROD0009,3923.31,3,13,717.44,In Transit,Cash
ODR00929,2024-12-13,CUST0034,PROD0009,7072.12,4,25,820.47,Returned,UPI
ODR00930,2025-03-12,CUST0014,PROD0006,9693.0,5,15,1697.4,Returned,Net Banking
ODR00931,2025-03-31,CUST0130,PROD0006,1899.69,3,24,213.32,Delivered,Credit Card
ODR00932,2024-11-13,CUST0105,PROD0010,1414.4,10,19,155.98,In Transit,Net Banking
ODR00933,2025-04-25,CUST0173,PROD0007,9395.28,6,21,756.37,Returned,Credit Card
ODR00934,2025-01-06,CUST0048,PROD0002,11818.26,6,15,2022.04,In Transit,Cash
ODR00935,2025-01-26,CUST0157,PROD0005,4266.6,6,9,216.06,Returned,Credit Card
ODR00936,2024-10-10,CUST0030,PROD0008,915.78,6,29,106.86,Delivered,Cash
ODR00937,2024-06-03,CUST0084,PROD0006,6302.55,5,22,898.54,In Transit,Cash
ODR00938,2025-01-02,CUST0106,PROD0002,1547.52,8,1,255.84,Returned,Net Banking
ODR00939,2024-09-19,CUST0211,PROD0002,2476.72,8,27,158.77,In Transit,UPI
ODR00940,2025-02-06,CUST0102,PROD0007,3057.06,6,25,125.21,In Transit,Cash
ODR00941,2025-03-16,CUST0153,PROD0005,7195.05,5,24,696.09,Delivered,Credit Card
ODR00942,2024-11-08,CUST0093,PROD0012,1055.52,2,29,76.08,In Transit,Credit Card
ODR00943,2024-12-15,CUST0168,PROD0002,816.7,2,8,139.36,In Transit,Cash
ODR00944,2024-07-12,CUST0010,PROD0002,2143.2,2,17,402.86,In Transit,Cash
ODR00945,2024-11-27,CUST0202,PROD0007,5907.3,6,25,679.56,Returned,UPI
ODR00946,2025-02-13,CUST0196,PROD0008,15049.6,8,17,2191.15,Delivered,UPI
ODR00947,2024-08-24,CUST0114,PROD0006,7326.45,5,13,465.92,In Transit,Cash
ODR00948,2024-05-14,CUST0057,PROD0003,11029.69,7,25,1383.81,In Transit,Net Banking
ODR00949,2025-02-06,CUST0036,PROD0003,13069.0,10,29,924.0,In Transit,Net Banking
ODR00950,2024-06-15,CUST0120,PROD0003,2964.12,6,6,629.6,Returned,UPI
ODR00951,2025-02-18,CUST0139,PROD0012,6357.82,7,18,1178.2,In Transit,Net Banking
ODR00952,2024-10-12,CUST0094,PROD0005,3449.2,8,0,516.08,Delivered,UPI
ODR00953,2024-10-19,CUST0074,PROD0002,12608.1,10,22,824.91,Delivered,Net Banking
ODR00954,2024-11-18,CUST0221,PROD0007,11058.57,9,16,1283.49,In Transit,UPI
ODR00955,2025-04-21,CUST0138,PROD0009,4401.36,6,11,731.96,In Transit,UPI
ODR00956,2024-08-20,CUST0091,PROD0001,662.7,1,24,31.44,Returned,Cash
ODR00957,2025-01-16,CUST0075,PROD0009,2628.4,8,29,316.01,Delivered,Cash
ODR00958,2025-04-18,CUST0160,PROD0009,15521.58,9,17,1185.38,Delivered,Cash
ODR00959,2024-07-17,CUST0015,PROD0004,3120.86,2,20,316.36,In Transit,Credit Card
ODR00960,2024-06-10,CUST0003,PROD0004,984.42,6,26,42.99,Returned,Net Banking
ODR00961,2024-11-03,CUST0053,PROD0004,18866.7,10,21,983.54,Delivered,UPI
ODR00962,2025-02-28,CUST0101,PROD0009,11023.81,7,7,1428.42,Returned,UPI
ODR00963,2024-12-06,CUST0172,PROD0006,16957.53,9,8,927.62,Delivered,Cash
ODR00964,2024-05-21,CUST0022,PROD0009,7717.05,5,10,1560.47,Delivered,Credit Card
ODR00965,2024-08-08,CUST0010,PROD0009,5451.1,10,23,270.42,In Transit,UPI
ODR00966,2025-01-03,CUST0049,PROD0010,13162.32,9,7,620.02,Delivered,Cash
ODR00967,2025-03-11,CUST0099,PROD0005,3216.72,6,17,198.9,Returned,UPI
ODR00968,2024-08-11,CUST0110,PROD0007,3678.6,4,29,216.0,In Transit,Credit Card
ODR00969,2024-08-08,CUST0148,PROD0011,2549.76,2,16,382.32,Delivered,Net Banking
ODR00970,2024-12-27,CUST0142,PROD0007,12784.59,9,23,1064.14,Returned,Cash
ODR00971,2024-11-16,CUST0095,PROD0009,6400.8,9,15,1086.23,Returned,Cash
ODR00972,2025-01-21,CUST0159,PROD0007,1641.3,6,21,147.23,In Transit,Credit Card
ODR00973,2025-04-27,CUST0013,PROD0004,11669.4,9,9,879.18,Returned,Net Banking
ODR00974,2025-02-22,CUST0092,PROD0006,12182.1,10,11,1673.58,Delivered,UPI
ODR00975,2024-10-07,CUST0218,PROD0001,1160.31,3,7,164.79,Returned,UPI
ODR00976,2025-02-21,CUST0222,PROD0003,11867.84,8,20,1893.69,In Transit,Credit Card
ODR00977,2025-02-18,CUST0081,PROD0003,5741.89,7,13,877.84,Delivered,Net Banking
ODR00978,2024-06-23,CUST0060,PROD0004,7258.62,6,7,640.88,In Transit,Credit Card
ODR00979,2024-10-14,CUST0114,PROD0011,1423.56,6,25,115.57,In Transit,Net Banking
ODR00980,2025-01-26,CUST0126,PROD0008,5780.05,5,16,821.55,Returned,Credit Card
ODR00981,2024-12-21,CUST0023,PROD0006,11335.8,6,28,997.88,Delivered,UPI
ODR00982,2025-04-27,CUST0147,PROD0012,2589.84,8,8,409.3,Returned,UPI
ODR00983,2025-01-22,CUST0011,PROD0001,7680.16,4,12,621.52,In Transit,Net Banking
ODR00984,2024-11-25,CUST0080,PROD0006,4378.16,8,26,319.37,In Transit,UPI
ODR00985,2024-07-01,CUST0057,PROD0011,1187.05,5,19,92.22,Returned,Net Banking
ODR00986,2025-02-04,CUST0012,PROD0010,4180.92,3,8,687.94,Delivered,Credit Card
ODR00987,2024-11-15,CUST0001,PROD0009,11123.44,8,6,1246.93,Returned,Net Banking
ODR00988,2025-04-25,CUST0122,PROD0001,3706.02,9,8,731.76,Delivered,UPI
ODR00989,2024-08-17,CUST0042,PROD0012,4847.5,10,28,433.23,Returned,Cash
ODR00990,2025-01-16,CUST0113,PROD0006,3316.38,3,21,387.31,Returned,UPI
ODR00991,2024-05-12,CUST0116,PROD0003,7738.0,8,21,1499.61,Delivered,Credit Card
ODR00992,2025-05-06,CUST0170,PROD0007,5822.55,9,9,1045.74,Delivered,UPI
ODR00993,2024-10-21,CUST0098,PROD0007,2991.56,2,4,236.89,Returned,Credit Card
ODR00994,2025-03-22,CUST0057,PROD0005,7008.68,7,18,1115.99,Delivered,Cash
ODR00995,2025-03-27,CUST0158,PROD0012,8166.9,7,6,529.28,Delivered,Net Banking
ODR00996,2024-10-11,CUST0109,PROD0009,827.9,5,29,48.27,Delivered,Cash
ODR00997,2024-06-06,CUST0216,PROD0009,1085.76,1,7,206.51,Returned,Net Banking
ODR00998,2024-05-16,CUST0023,PROD0011,3546.41,7,27,452.98,In Transit,Credit Card
ODR00999,2024-11-29,CUST0012,PROD0006,14406.7,10,17,2704.65,Delivered,Net Banking
ODR01000,2025-04-16,CUST0028,PROD0004,2723.8,2,26,339.0,In Transit,Credit Card
